timestamp;buyer;seller;symbol;currency;price;quantity
0;;;STARFRUIT;SEASHELLS;5003.0;13
0;;;AMETHYSTS;SEASHELLS;10004.0;1
0;;;STARFRUIT;SEASHELLS;5003.0;1
1100;SUBMISSION;;AMETHYSTS;SEASHELLS;9998.0;10
1200;SUBMISSION;;AMETHYSTS;SEASHELLS;9998.0;1
1300;;SUBMISSION;AMETHYSTS;SEASHELLS;10002.0;1
1700;;;STARFRUIT;SEASHELLS;5002.0;8
1700;;;AMETHYSTS;SEASHELLS;10002.0;1
1800;;SUBMISSION;AMETHYSTS;SEASHELLS;10002.0;1
1900;;;STARFRUIT;SEASHELLS;5002.0;1
2000;SUBMISSION;;AMETHYSTS;SEASHELLS;9998.0;1
2400;;;STARFRUIT;SEASHELLS;4997.0;1
2900;;;AMETHYSTS;SEASHELLS;9998.0;2
2900;SUBMISSION;;AMETHYSTS;SEASHELLS;9998.0;10
3000;;SUBMISSION;AMETHYSTS;SEASHELLS;10001.0;1
3000;;SUBMISSION;STARFRUIT;SEASHELLS;5001.0;1
3100;;;AMETHYSTS;SEASHELLS;9997.0;1
3100;SUBMISSION;;AMETHYSTS;SEASHELLS;9997.0;1
3100;;;STARFRUIT;SEASHELLS;4996.0;2
3200;;;STARFRUIT;SEASHELLS;4996.0;2
3200;;;AMETHYSTS;SEASHELLS;9996.0;1
3500;;SUBMISSION;STARFRUIT;SEASHELLS;5000.0;5
3700;;SUBMISSION;STARFRUIT;SEASHELLS;4999.0;4
3700;;SUBMISSION;AMETHYSTS;SEASHELLS;10002.0;1
3800;;;STARFRUIT;SEASHELLS;4997.0;14
3800;SUBMISSION;;AMETHYSTS;SEASHELLS;9997.0;1
3800;;SUBMISSION;STARFRUIT;SEASHELLS;4999.0;3
3800;;;STARFRUIT;SEASHELLS;4997.0;1
3900;;SUBMISSION;STARFRUIT;SEASHELLS;5000.0;2
4000;;SUBMISSION;STARFRUIT;SEASHELLS;5000.0;1
4200;;;AMETHYSTS;SEASHELLS;9996.0;2
4300;;;STARFRUIT;SEASHELLS;5003.0;1
4300;;;AMETHYSTS;SEASHELLS;9995.0;2
4300;;;STARFRUIT;SEASHELLS;4998.0;2
4500;;;STARFRUIT;SEASHELLS;4997.0;1
4800;;SUBMISSION;STARFRUIT;SEASHELLS;5001.0;1
4800;;SUBMISSION;AMETHYSTS;SEASHELLS;10001.0;2
5300;;;STARFRUIT;SEASHELLS;5002.0;1
5600;;SUBMISSION;STARFRUIT;SEASHELLS;5002.0;2
5700;;;STARFRUIT;SEASHELLS;4999.0;1
6100;;;STARFRUIT;SEASHELLS;4999.0;1
6500;;;AMETHYSTS;SEASHELLS;9998.0;1
6600;;SUBMISSION;AMETHYSTS;SEASHELLS;10001.0;8
6700;;;AMETHYSTS;SEASHELLS;10002.0;3
6900;;;STARFRUIT;SEASHELLS;5003.0;1
6900;;;AMETHYSTS;SEASHELLS;10002.0;1
7000;;;STARFRUIT;SEASHELLS;5004.0;2
7000;;SUBMISSION;AMETHYSTS;SEASHELLS;10002.0;2
7300;;SUBMISSION;AMETHYSTS;SEASHELLS;10002.0;1
7300;;;STARFRUIT;SEASHELLS;5004.0;2
7300;;SUBMISSION;AMETHYSTS;SEASHELLS;10002.0;2
7400;;;STARFRUIT;SEASHELLS;4998.0;1
7700;;;STARFRUIT;SEASHELLS;4997.0;1
8100;;SUBMISSION;AMETHYSTS;SEASHELLS;10002.0;1
8100;SUBMISSION;;AMETHYSTS;SEASHELLS;9998.0;11
8100;;;STARFRUIT;SEASHELLS;5004.0;1
8600;;;STARFRUIT;SEASHELLS;4998.0;1
8800;SUBMISSION;;AMETHYSTS;SEASHELLS;9998.0;1
9200;;;STARFRUIT;SEASHELLS;5003.0;1
10000;SUBMISSION;;STARFRUIT;SEASHELLS;5000.0;11
10200;SUBMISSION;;STARFRUIT;SEASHELLS;5000.0;9
10300;SUBMISSION;;STARFRUIT;SEASHELLS;5000.0;6
10300;;;AMETHYSTS;SEASHELLS;9998.0;1
10300;;;STARFRUIT;SEASHELLS;5001.0;1
10400;;SUBMISSION;AMETHYSTS;SEASHELLS;10002.0;1
10800;;SUBMISSION;AMETHYSTS;SEASHELLS;10002.0;12
10900;;SUBMISSION;STARFRUIT;SEASHELLS;5001.0;18
11000;;SUBMISSION;STARFRUIT;SEASHELLS;5002.0;6
11100;;;AMETHYSTS;SEASHELLS;9998.0;3
11100;SUBMISSION;;AMETHYSTS;SEASHELLS;9998.0;4
11300;;;STARFRUIT;SEASHELLS;4999.0;3
11400;SUBMISSION;;AMETHYSTS;SEASHELLS;9998.0;2
11400;SUBMISSION;;STARFRUIT;SEASHELLS;4998.0;2
11500;;SUBMISSION;STARFRUIT;SEASHELLS;5000.0;3
11500;;;AMETHYSTS;SEASHELLS;10002.0;2
11700;;;STARFRUIT;SEASHELLS;4998.0;2
11800;;;STARFRUIT;SEASHELLS;5003.0;1
11800;;;STARFRUIT;SEASHELLS;5000.0;4
12000;;SUBMISSION;AMETHYSTS;SEASHELLS;10002.0;1
12400;;SUBMISSION;STARFRUIT;SEASHELLS;5003.0;1
12400;;;STARFRUIT;SEASHELLS;5003.0;14
12500;;;STARFRUIT;SEASHELLS;4998.0;1
13000;;;STARFRUIT;SEASHELLS;5002.0;1
13000;;SUBMISSION;AMETHYSTS;SEASHELLS;10002.0;1
13200;;;AMETHYSTS;SEASHELLS;9998.0;2
13300;;SUBMISSION;AMETHYSTS;SEASHELLS;10002.0;2
13300;;;STARFRUIT;SEASHELLS;5004.0;2
13600;;;STARFRUIT;SEASHELLS;4997.0;1
13700;SUBMISSION;;AMETHYSTS;SEASHELLS;9998.0;4
13900;;;STARFRUIT;SEASHELLS;5001.0;6
14200;SUBMISSION;;STARFRUIT;SEASHELLS;4998.0;1
15000;;;STARFRUIT;SEASHELLS;5003.0;8
15000;;;STARFRUIT;SEASHELLS;5003.0;2
15200;SUBMISSION;;STARFRUIT;SEASHELLS;5001.0;11
15200;SUBMISSION;;STARFRUIT;SEASHELLS;4998.0;1
15300;;SUBMISSION;AMETHYSTS;SEASHELLS;10002.0;2
15300;;;AMETHYSTS;SEASHELLS;10002.0;1
15400;SUBMISSION;;AMETHYSTS;SEASHELLS;9998.0;1
15500;;SUBMISSION;AMETHYSTS;SEASHELLS;10002.0;1
15600;;;STARFRUIT;SEASHELLS;5003.0;2
15600;;SUBMISSION;AMETHYSTS;SEASHELLS;10002.0;2
15700;;;AMETHYSTS;SEASHELLS;10002.0;1
15700;;SUBMISSION;AMETHYSTS;SEASHELLS;10002.0;5
15800;;;STARFRUIT;SEASHELLS;5002.0;1
15900;SUBMISSION;;STARFRUIT;SEASHELLS;5000.0;6
16200;SUBMISSION;;AMETHYSTS;SEASHELLS;9998.0;1
16200;SUBMISSION;;STARFRUIT;SEASHELLS;4998.0;1
16200;;;STARFRUIT;SEASHELLS;4998.0;1
16300;;SUBMISSION;AMETHYSTS;SEASHELLS;10002.0;8
16400;;;AMETHYSTS;SEASHELLS;10002.0;1
16600;;;STARFRUIT;SEASHELLS;4996.0;1
16700;;SUBMISSION;AMETHYSTS;SEASHELLS;10002.0;1
16700;;SUBMISSION;STARFRUIT;SEASHELLS;5001.0;1
16800;SUBMISSION;;AMETHYSTS;SEASHELLS;9998.0;5
17000;;SUBMISSION;STARFRUIT;SEASHELLS;4999.0;6
17100;;SUBMISSION;STARFRUIT;SEASHELLS;4999.0;4
17200;;SUBMISSION;STARFRUIT;SEASHELLS;4999.0;3
17300;;SUBMISSION;STARFRUIT;SEASHELLS;4999.0;2
17400;;SUBMISSION;STARFRUIT;SEASHELLS;4999.0;1
17600;;SUBMISSION;STARFRUIT;SEASHELLS;4999.0;1
17700;;SUBMISSION;STARFRUIT;SEASHELLS;5001.0;1
18200;;;STARFRUIT;SEASHELLS;4996.0;1
18500;;;STARFRUIT;SEASHELLS;5000.0;1
18600;;SUBMISSION;AMETHYSTS;SEASHELLS;10002.0;1
19000;SUBMISSION;;STARFRUIT;SEASHELLS;4996.0;10
19200;SUBMISSION;;AMETHYSTS;SEASHELLS;9998.0;1
19300;SUBMISSION;;AMETHYSTS;SEASHELLS;9998.0;1
19300;SUBMISSION;;STARFRUIT;SEASHELLS;4998.0;1
19700;;SUBMISSION;AMETHYSTS;SEASHELLS;10002.0;1
19700;;;STARFRUIT;SEASHELLS;4997.0;1
19900;;SUBMISSION;STARFRUIT;SEASHELLS;4999.0;6
20000;;SUBMISSION;STARFRUIT;SEASHELLS;4999.0;4
20100;;SUBMISSION;AMETHYSTS;SEASHELLS;10002.0;1
20100;;;AMETHYSTS;SEASHELLS;10002.0;4
20100;;SUBMISSION;STARFRUIT;SEASHELLS;4999.0;1
20200;;SUBMISSION;STARFRUIT;SEASHELLS;4999.0;1
20200;SUBMISSION;;AMETHYSTS;SEASHELLS;9998.0;1
20300;;;STARFRUIT;SEASHELLS;4997.0;1
20400;;;STARFRUIT;SEASHELLS;4999.0;4
20500;;;AMETHYSTS;SEASHELLS;9998.0;1
20700;;SUBMISSION;AMETHYSTS;SEASHELLS;10002.0;1
20700;;;AMETHYSTS;SEASHELLS;10000.0;6
21200;SUBMISSION;;AMETHYSTS;SEASHELLS;9998.0;1
21300;SUBMISSION;;AMETHYSTS;SEASHELLS;9998.0;8
21600;;SUBMISSION;AMETHYSTS;SEASHELLS;10002.0;12
21700;;;STARFRUIT;SEASHELLS;5002.0;8
21900;;SUBMISSION;AMETHYSTS;SEASHELLS;10002.0;3
22100;;;STARFRUIT;SEASHELLS;4997.0;1
22200;;;AMETHYSTS;SEASHELLS;9998.0;6
22200;SUBMISSION;;AMETHYSTS;SEASHELLS;9998.0;5
22400;;SUBMISSION;AMETHYSTS;SEASHELLS;10002.0;9
22400;SUBMISSION;;AMETHYSTS;SEASHELLS;9998.0;1
22500;;;STARFRUIT;SEASHELLS;5003.0;11
22700;;;STARFRUIT;SEASHELLS;4997.0;1
22800;;;STARFRUIT;SEASHELLS;4996.0;1
22800;SUBMISSION;;AMETHYSTS;SEASHELLS;9998.0;2
23200;;;AMETHYSTS;SEASHELLS;9998.0;2
23200;;;STARFRUIT;SEASHELLS;4997.0;2
23300;;;AMETHYSTS;SEASHELLS;9998.0;1
23500;;;STARFRUIT;SEASHELLS;4998.0;1
23700;;SUBMISSION;AMETHYSTS;SEASHELLS;10002.0;1
23700;SUBMISSION;;AMETHYSTS;SEASHELLS;9998.0;8
23900;;;STARFRUIT;SEASHELLS;5002.0;1
24100;;;STARFRUIT;SEASHELLS;5001.0;1
24100;SUBMISSION;;AMETHYSTS;SEASHELLS;9998.0;8
24400;;SUBMISSION;AMETHYSTS;SEASHELLS;10002.0;1
24500;SUBMISSION;;AMETHYSTS;SEASHELLS;9998.0;2
24500;SUBMISSION;;STARFRUIT;SEASHELLS;4998.0;2
24500;;SUBMISSION;AMETHYSTS;SEASHELLS;10002.0;1
24600;;;STARFRUIT;SEASHELLS;5001.0;5
24600;SUBMISSION;;AMETHYSTS;SEASHELLS;9998.0;2
24900;;;STARFRUIT;SEASHELLS;4999.0;4
24900;;SUBMISSION;AMETHYSTS;SEASHELLS;10002.0;1
25100;;SUBMISSION;AMETHYSTS;SEASHELLS;10002.0;1
25200;;;AMETHYSTS;SEASHELLS;10002.0;1
25200;SUBMISSION;;AMETHYSTS;SEASHELLS;9998.0;5
25200;;;AMETHYSTS;SEASHELLS;9998.0;3
25200;;;STARFRUIT;SEASHELLS;5001.0;1
25300;;;STARFRUIT;SEASHELLS;4995.0;1
25500;SUBMISSION;;AMETHYSTS;SEASHELLS;9998.0;1
25500;SUBMISSION;;AMETHYSTS;SEASHELLS;9998.0;5
25700;;SUBMISSION;AMETHYSTS;SEASHELLS;10002.0;4
25800;;;STARFRUIT;SEASHELLS;4995.0;1
25800;;SUBMISSION;AMETHYSTS;SEASHELLS;10002.0;4
26000;;;STARFRUIT;SEASHELLS;4995.0;2
26000;SUBMISSION;;STARFRUIT;SEASHELLS;4995.0;5
26300;SUBMISSION;;AMETHYSTS;SEASHELLS;9998.0;1
26400;;;STARFRUIT;SEASHELLS;4994.0;1
26600;SUBMISSION;;AMETHYSTS;SEASHELLS;9998.0;1
26800;;SUBMISSION;STARFRUIT;SEASHELLS;4998.0;1
26900;SUBMISSION;;STARFRUIT;SEASHELLS;4992.0;1
26900;;SUBMISSION;AMETHYSTS;SEASHELLS;10002.0;1
27300;;SUBMISSION;STARFRUIT;SEASHELLS;4996.0;1
27600;;;STARFRUIT;SEASHELLS;4992.0;1
27600;;;AMETHYSTS;SEASHELLS;9998.0;4
27800;;;STARFRUIT;SEASHELLS;4997.0;1
27900;;SUBMISSION;STARFRUIT;SEASHELLS;4998.0;1
28200;;;STARFRUIT;SEASHELLS;4997.0;5
28200;SUBMISSION;;AMETHYSTS;SEASHELLS;9998.0;2
28200;;;STARFRUIT;SEASHELLS;4997.0;6
28300;SUBMISSION;;STARFRUIT;SEASHELLS;4994.0;2
28400;;;STARFRUIT;SEASHELLS;4992.0;1
28600;;SUBMISSION;AMETHYSTS;SEASHELLS;10002.0;1
29000;;SUBMISSION;AMETHYSTS;SEASHELLS;10002.0;8
29000;SUBMISSION;;STARFRUIT;SEASHELLS;4990.0;1
29200;;SUBMISSION;STARFRUIT;SEASHELLS;4996.0;1
29300;;SUBMISSION;STARFRUIT;SEASHELLS;4995.0;2
29300;;;STARFRUIT;SEASHELLS;4995.0;2
29300;;;STARFRUIT;SEASHELLS;4995.0;8
29400;;;AMETHYSTS;SEASHELLS;10002.0;1
29400;;SUBMISSION;AMETHYSTS;SEASHELLS;10002.0;1
29400;;;STARFRUIT;SEASHELLS;4991.0;1
29700;;;STARFRUIT;SEASHELLS;4991.0;1
29900;;SUBMISSION;STARFRUIT;SEASHELLS;4993.0;2
30000;;;AMETHYSTS;SEASHELLS;9998.0;3
30000;;;AMETHYSTS;SEASHELLS;9998.0;1
30000;SUBMISSION;;AMETHYSTS;SEASHELLS;9998.0;1
30100;;SUBMISSION;STARFRUIT;SEASHELLS;4993.0;1
30200;;SUBMISSION;STARFRUIT;SEASHELLS;4994.0;1
30300;;SUBMISSION;STARFRUIT;SEASHELLS;4996.0;1
30600;;;AMETHYSTS;SEASHELLS;10002.0;1
30600;;;STARFRUIT;SEASHELLS;4992.0;1
30600;;;STARFRUIT;SEASHELLS;4998.0;1
31300;SUBMISSION;;STARFRUIT;SEASHELLS;4993.0;13
31400;SUBMISSION;;AMETHYSTS;SEASHELLS;9998.0;1
31600;;SUBMISSION;STARFRUIT;SEASHELLS;4997.0;1
31900;;SUBMISSION;AMETHYSTS;SEASHELLS;10002.0;2
32200;;SUBMISSION;STARFRUIT;SEASHELLS;4994.0;9
32300;;SUBMISSION;STARFRUIT;SEASHELLS;4994.0;2
32400;;;STARFRUIT;SEASHELLS;4991.0;1
32500;;;STARFRUIT;SEASHELLS;4991.0;1
32600;;;STARFRUIT;SEASHELLS;4994.0;1
32600;;SUBMISSION;AMETHYSTS;SEASHELLS;10002.0;2
32600;;SUBMISSION;AMETHYSTS;SEASHELLS;10002.0;1
32600;;SUBMISSION;STARFRUIT;SEASHELLS;4994.0;1
32800;SUBMISSION;;AMETHYSTS;SEASHELLS;9998.0;9
33000;;;AMETHYSTS;SEASHELLS;10002.0;6
33100;;;STARFRUIT;SEASHELLS;4991.0;1
33200;SUBMISSION;;STARFRUIT;SEASHELLS;4991.0;10
33200;;;STARFRUIT;SEASHELLS;4990.0;1
33500;;SUBMISSION;STARFRUIT;SEASHELLS;4993.0;1
33500;;SUBMISSION;AMETHYSTS;SEASHELLS;10002.0;1
33600;;SUBMISSION;AMETHYSTS;SEASHELLS;10002.0;6
33600;;SUBMISSION;STARFRUIT;SEASHELLS;4993.0;3
33800;;SUBMISSION;STARFRUIT;SEASHELLS;4994.0;2
33800;;;STARFRUIT;SEASHELLS;4994.0;1
33900;;SUBMISSION;STARFRUIT;SEASHELLS;4993.0;3
34000;;;STARFRUIT;SEASHELLS;4990.0;1
34000;;SUBMISSION;AMETHYSTS;SEASHELLS;10002.0;1
34100;SUBMISSION;;AMETHYSTS;SEASHELLS;9998.0;3
34200;;;STARFRUIT;SEASHELLS;4991.0;9
34300;;SUBMISSION;AMETHYSTS;SEASHELLS;10002.0;1
34600;;;STARFRUIT;SEASHELLS;4990.0;1
35000;;SUBMISSION;AMETHYSTS;SEASHELLS;10002.0;1
35000;;;STARFRUIT;SEASHELLS;4997.0;1
35100;;SUBMISSION;AMETHYSTS;SEASHELLS;10002.0;3
35100;;SUBMISSION;STARFRUIT;SEASHELLS;4995.0;1
35300;;;STARFRUIT;SEASHELLS;4998.0;1
35400;;;STARFRUIT;SEASHELLS;4997.0;1
35400;;SUBMISSION;AMETHYSTS;SEASHELLS;10002.0;3
35800;;;STARFRUIT;SEASHELLS;4994.0;2
36100;;SUBMISSION;AMETHYSTS;SEASHELLS;10002.0;8
36100;;;AMETHYSTS;SEASHELLS;10002.0;1
36200;SUBMISSION;;AMETHYSTS;SEASHELLS;9998.0;1
36400;;;STARFRUIT;SEASHELLS;4998.0;1
36500;;;STARFRUIT;SEASHELLS;4994.0;2
37300;SUBMISSION;;AMETHYSTS;SEASHELLS;9998.0;10
37300;;;STARFRUIT;SEASHELLS;4992.0;1
37400;;SUBMISSION;AMETHYSTS;SEASHELLS;10002.0;1
37500;;;STARFRUIT;SEASHELLS;4991.0;1
37500;SUBMISSION;;AMETHYSTS;SEASHELLS;9998.0;1
37800;;;STARFRUIT;SEASHELLS;4991.0;1
38000;;SUBMISSION;AMETHYSTS;SEASHELLS;10002.0;1
38400;;;STARFRUIT;SEASHELLS;4993.0;6
38500;;SUBMISSION;AMETHYSTS;SEASHELLS;10002.0;1
38600;SUBMISSION;;AMETHYSTS;SEASHELLS;9998.0;1
38600;;;STARFRUIT;SEASHELLS;4991.0;1
38800;SUBMISSION;;AMETHYSTS;SEASHELLS;9998.0;8
39200;;;AMETHYSTS;SEASHELLS;9998.0;1
39200;;;STARFRUIT;SEASHELLS;4997.0;1
39400;;;STARFRUIT;SEASHELLS;4998.0;1
39400;;SUBMISSION;AMETHYSTS;SEASHELLS;10002.0;1
39500;SUBMISSION;;AMETHYSTS;SEASHELLS;9998.0;1
40300;SUBMISSION;;AMETHYSTS;SEASHELLS;9998.0;1
40500;SUBMISSION;;STARFRUIT;SEASHELLS;4993.0;1
40500;;SUBMISSION;AMETHYSTS;SEASHELLS;10002.0;1
40900;;SUBMISSION;AMETHYSTS;SEASHELLS;10002.0;11
40900;;;AMETHYSTS;SEASHELLS;9998.0;1
40900;SUBMISSION;;STARFRUIT;SEASHELLS;4993.0;1
41000;SUBMISSION;;STARFRUIT;SEASHELLS;4992.0;1
41100;SUBMISSION;;STARFRUIT;SEASHELLS;4991.0;1
41500;;;STARFRUIT;SEASHELLS;4995.0;5
41700;;;STARFRUIT;SEASHELLS;4990.0;1
41900;;;STARFRUIT;SEASHELLS;4996.0;1
41900;SUBMISSION;;AMETHYSTS;SEASHELLS;9998.0;4
42000;;SUBMISSION;STARFRUIT;SEASHELLS;4995.0;1
42000;;;STARFRUIT;SEASHELLS;4990.0;1
42000;;;STARFRUIT;SEASHELLS;4995.0;5
42200;;SUBMISSION;AMETHYSTS;SEASHELLS;10002.0;1
42300;SUBMISSION;;STARFRUIT;SEASHELLS;4991.0;7
42400;;;STARFRUIT;SEASHELLS;4990.0;1
42500;SUBMISSION;;AMETHYSTS;SEASHELLS;9998.0;1
42500;;;AMETHYSTS;SEASHELLS;10002.0;3
42500;;SUBMISSION;AMETHYSTS;SEASHELLS;10002.0;9
42500;SUBMISSION;;STARFRUIT;SEASHELLS;4991.0;1
42600;SUBMISSION;;AMETHYSTS;SEASHELLS;9998.0;2
42600;SUBMISSION;;STARFRUIT;SEASHELLS;4990.0;2
42900;;SUBMISSION;AMETHYSTS;SEASHELLS;10002.0;2
42900;;SUBMISSION;STARFRUIT;SEASHELLS;4994.0;2
43400;;SUBMISSION;STARFRUIT;SEASHELLS;4994.0;3
43500;;;STARFRUIT;SEASHELLS;4990.0;1
43900;;SUBMISSION;AMETHYSTS;SEASHELLS;10002.0;4
43900;;SUBMISSION;STARFRUIT;SEASHELLS;4993.0;3
44100;SUBMISSION;;AMETHYSTS;SEASHELLS;9998.0;1
44200;;SUBMISSION;STARFRUIT;SEASHELLS;4993.0;2
44300;;SUBMISSION;STARFRUIT;SEASHELLS;4993.0;1
44400;;SUBMISSION;STARFRUIT;SEASHELLS;4994.0;1
44500;;;STARFRUIT;SEASHELLS;4995.0;1
44800;SUBMISSION;;STARFRUIT;SEASHELLS;4993.0;14
44800;SUBMISSION;;AMETHYSTS;SEASHELLS;9998.0;1
45000;SUBMISSION;;STARFRUIT;SEASHELLS;4992.0;9
45000;;SUBMISSION;AMETHYSTS;SEASHELLS;10002.0;1
45400;SUBMISSION;;AMETHYSTS;SEASHELLS;9998.0;1
45400;;;STARFRUIT;SEASHELLS;4988.0;1
45500;SUBMISSION;;STARFRUIT;SEASHELLS;4990.0;3
45800;;;STARFRUIT;SEASHELLS;4986.0;1
45900;;SUBMISSION;STARFRUIT;SEASHELLS;4992.0;2
45900;;SUBMISSION;AMETHYSTS;SEASHELLS;10002.0;2
46500;;SUBMISSION;STARFRUIT;SEASHELLS;4989.0;6
46600;;SUBMISSION;STARFRUIT;SEASHELLS;4989.0;6
46600;SUBMISSION;;AMETHYSTS;SEASHELLS;9999.0;2
46600;;;STARFRUIT;SEASHELLS;4987.0;2
46700;;SUBMISSION;STARFRUIT;SEASHELLS;4989.0;5
46900;;SUBMISSION;STARFRUIT;SEASHELLS;4992.0;1
47100;;;STARFRUIT;SEASHELLS;4988.0;4
47100;SUBMISSION;;AMETHYSTS;SEASHELLS;9998.0;1
47200;;SUBMISSION;AMETHYSTS;SEASHELLS;10002.0;1
47300;;SUBMISSION;AMETHYSTS;SEASHELLS;10002.0;1
47500;;;AMETHYSTS;SEASHELLS;10002.0;4
47900;;SUBMISSION;AMETHYSTS;SEASHELLS;10002.0;1
48100;SUBMISSION;;AMETHYSTS;SEASHELLS;9999.0;2
48100;;;STARFRUIT;SEASHELLS;4989.0;1
48300;SUBMISSION;;AMETHYSTS;SEASHELLS;9998.0;1
48500;SUBMISSION;;AMETHYSTS;SEASHELLS;9998.0;1
48600;;;STARFRUIT;SEASHELLS;4990.0;1
48600;SUBMISSION;;AMETHYSTS;SEASHELLS;9998.0;1
48600;;;STARFRUIT;SEASHELLS;4989.0;1
48600;;SUBMISSION;STARFRUIT;SEASHELLS;4992.0;2
49000;;SUBMISSION;STARFRUIT;SEASHELLS;4991.0;1
49000;;;STARFRUIT;SEASHELLS;4988.0;1
49100;;SUBMISSION;STARFRUIT;SEASHELLS;4991.0;1
49200;;SUBMISSION;STARFRUIT;SEASHELLS;4990.0;1
49300;;;STARFRUIT;SEASHELLS;4988.0;1
49400;;;STARFRUIT;SEASHELLS;4992.0;9
49400;;;STARFRUIT;SEASHELLS;4992.0;4
49400;;SUBMISSION;STARFRUIT;SEASHELLS;4992.0;1
49500;;;STARFRUIT;SEASHELLS;4992.0;5
49500;;SUBMISSION;STARFRUIT;SEASHELLS;4992.0;1
49600;;;STARFRUIT;SEASHELLS;4992.0;1
49800;SUBMISSION;;STARFRUIT;SEASHELLS;4988.0;5
49900;;SUBMISSION;AMETHYSTS;SEASHELLS;10002.0;2
49900;;;AMETHYSTS;SEASHELLS;9998.0;6
49900;;SUBMISSION;STARFRUIT;SEASHELLS;4991.0;2
50400;;;AMETHYSTS;SEASHELLS;9998.0;1
50400;SUBMISSION;;STARFRUIT;SEASHELLS;4988.0;2
50600;SUBMISSION;;AMETHYSTS;SEASHELLS;9998.0;1
50600;SUBMISSION;;STARFRUIT;SEASHELLS;4986.0;8
50600;SUBMISSION;;STARFRUIT;SEASHELLS;4988.0;1
50600;;SUBMISSION;AMETHYSTS;SEASHELLS;10002.0;1
50800;;SUBMISSION;STARFRUIT;SEASHELLS;4991.0;1
50800;;SUBMISSION;AMETHYSTS;SEASHELLS;10002.0;5
51300;;;STARFRUIT;SEASHELLS;4986.0;6
51300;SUBMISSION;;STARFRUIT;SEASHELLS;4986.0;7
51500;;SUBMISSION;STARFRUIT;SEASHELLS;4991.0;1
51600;;SUBMISSION;STARFRUIT;SEASHELLS;4989.0;2
51600;;;AMETHYSTS;SEASHELLS;10002.0;1
51700;;;STARFRUIT;SEASHELLS;4986.0;4
51700;SUBMISSION;;AMETHYSTS;SEASHELLS;9999.0;11
51900;SUBMISSION;;AMETHYSTS;SEASHELLS;9998.0;5
51900;;SUBMISSION;STARFRUIT;SEASHELLS;4990.0;4
52100;SUBMISSION;;AMETHYSTS;SEASHELLS;9998.0;8
52300;;SUBMISSION;STARFRUIT;SEASHELLS;4988.0;4
52300;;SUBMISSION;AMETHYSTS;SEASHELLS;10002.0;1
52300;;SUBMISSION;STARFRUIT;SEASHELLS;4990.0;1
52400;;SUBMISSION;STARFRUIT;SEASHELLS;4988.0;3
52500;;SUBMISSION;STARFRUIT;SEASHELLS;4990.0;1
52500;SUBMISSION;;AMETHYSTS;SEASHELLS;9998.0;1
52600;;;STARFRUIT;SEASHELLS;4988.0;4
52600;;SUBMISSION;STARFRUIT;SEASHELLS;4988.0;2
52700;;;STARFRUIT;SEASHELLS;4985.0;1
52900;;SUBMISSION;AMETHYSTS;SEASHELLS;10002.0;6
53000;;SUBMISSION;AMETHYSTS;SEASHELLS;10002.0;1
53200;;SUBMISSION;STARFRUIT;SEASHELLS;4990.0;1
53600;SUBMISSION;;AMETHYSTS;SEASHELLS;9998.0;9
53800;;SUBMISSION;AMETHYSTS;SEASHELLS;10002.0;3
53900;;SUBMISSION;AMETHYSTS;SEASHELLS;10002.0;2
53900;;;STARFRUIT;SEASHELLS;4992.0;2
54100;;;AMETHYSTS;SEASHELLS;9998.0;1
54100;SUBMISSION;;STARFRUIT;SEASHELLS;4987.0;1
54300;;SUBMISSION;AMETHYSTS;SEASHELLS;10002.0;3
54300;SUBMISSION;;AMETHYSTS;SEASHELLS;9998.0;1
54300;;;STARFRUIT;SEASHELLS;4991.0;1
54500;SUBMISSION;;STARFRUIT;SEASHELLS;4989.0;11
54600;;SUBMISSION;AMETHYSTS;SEASHELLS;10002.0;3
54700;SUBMISSION;;STARFRUIT;SEASHELLS;4986.0;4
55000;;;STARFRUIT;SEASHELLS;4984.0;1
55100;;SUBMISSION;STARFRUIT;SEASHELLS;4990.0;2
55100;;SUBMISSION;AMETHYSTS;SEASHELLS;10002.0;2
55200;SUBMISSION;;STARFRUIT;SEASHELLS;4985.0;5
55300;SUBMISSION;;AMETHYSTS;SEASHELLS;9998.0;1
55500;;SUBMISSION;STARFRUIT;SEASHELLS;4990.0;1
55600;;SUBMISSION;STARFRUIT;SEASHELLS;4987.0;7
55700;;;STARFRUIT;SEASHELLS;4985.0;1
55700;SUBMISSION;;AMETHYSTS;SEASHELLS;9998.0;1
55800;;SUBMISSION;STARFRUIT;SEASHELLS;4987.0;7
56200;;SUBMISSION;STARFRUIT;SEASHELLS;4987.0;2
56300;;SUBMISSION;AMETHYSTS;SEASHELLS;10002.0;1
56700;;;STARFRUIT;SEASHELLS;4987.0;2
56800;;SUBMISSION;AMETHYSTS;SEASHELLS;10002.0;1
57200;;SUBMISSION;AMETHYSTS;SEASHELLS;10002.0;2
57200;;SUBMISSION;STARFRUIT;SEASHELLS;4989.0;1
57500;;;STARFRUIT;SEASHELLS;4989.0;5
57800;;;AMETHYSTS;SEASHELLS;9998.0;1
57900;;;STARFRUIT;SEASHELLS;4989.0;2
57900;SUBMISSION;;STARFRUIT;SEASHELLS;4987.0;6
57900;;;AMETHYSTS;SEASHELLS;10000.0;2
57900;SUBMISSION;;AMETHYSTS;SEASHELLS;9998.0;1
58000;;;STARFRUIT;SEASHELLS;4990.0;12
58000;SUBMISSION;;AMETHYSTS;SEASHELLS;9998.0;4
58100;;SUBMISSION;AMETHYSTS;SEASHELLS;10002.0;3
58400;SUBMISSION;;STARFRUIT;SEASHELLS;4986.0;9
58400;;;STARFRUIT;SEASHELLS;4986.0;6
58600;;SUBMISSION;AMETHYSTS;SEASHELLS;10002.0;1
58800;SUBMISSION;;AMETHYSTS;SEASHELLS;9998.0;12
59100;;SUBMISSION;STARFRUIT;SEASHELLS;4987.0;1
59100;;SUBMISSION;AMETHYSTS;SEASHELLS;10002.0;1
59300;;;STARFRUIT;SEASHELLS;4983.0;1
59500;;SUBMISSION;AMETHYSTS;SEASHELLS;10002.0;5
59600;;SUBMISSION;STARFRUIT;SEASHELLS;4986.0;6
59800;;SUBMISSION;STARFRUIT;SEASHELLS;4985.0;4
60000;;SUBMISSION;STARFRUIT;SEASHELLS;4985.0;1
60000;;SUBMISSION;AMETHYSTS;SEASHELLS;10002.0;1
60000;;;AMETHYSTS;SEASHELLS;9998.0;2
60200;;SUBMISSION;STARFRUIT;SEASHELLS;4987.0;3
60200;SUBMISSION;;AMETHYSTS;SEASHELLS;9998.0;8
60200;;;STARFRUIT;SEASHELLS;4987.0;1
60400;SUBMISSION;;AMETHYSTS;SEASHELLS;9998.0;1
60700;;;STARFRUIT;SEASHELLS;4988.0;1
60800;;;STARFRUIT;SEASHELLS;4983.0;1
60800;;SUBMISSION;AMETHYSTS;SEASHELLS;10002.0;10
60900;SUBMISSION;;STARFRUIT;SEASHELLS;4984.0;3
61200;;;STARFRUIT;SEASHELLS;4986.0;2
61700;;;STARFRUIT;SEASHELLS;4982.0;1
61900;;SUBMISSION;AMETHYSTS;SEASHELLS;10002.0;2
61900;;SUBMISSION;STARFRUIT;SEASHELLS;4986.0;1
61900;;;STARFRUIT;SEASHELLS;4986.0;1
61900;SUBMISSION;;AMETHYSTS;SEASHELLS;9998.0;1
62000;;SUBMISSION;STARFRUIT;SEASHELLS;4987.0;1
62200;;;AMETHYSTS;SEASHELLS;10002.0;4
62300;;SUBMISSION;AMETHYSTS;SEASHELLS;10002.0;2
62600;;SUBMISSION;STARFRUIT;SEASHELLS;4987.0;2
62800;SUBMISSION;;STARFRUIT;SEASHELLS;4984.0;1
62900;SUBMISSION;;AMETHYSTS;SEASHELLS;9998.0;4
63000;;;STARFRUIT;SEASHELLS;4989.0;1
63100;;;STARFRUIT;SEASHELLS;4984.0;1
63400;;;STARFRUIT;SEASHELLS;4988.0;5
63400;;SUBMISSION;STARFRUIT;SEASHELLS;4988.0;2
63600;;;STARFRUIT;SEASHELLS;4988.0;1
63800;;;STARFRUIT;SEASHELLS;4983.0;1
63900;SUBMISSION;;AMETHYSTS;SEASHELLS;9998.0;12
64000;SUBMISSION;;STARFRUIT;SEASHELLS;4983.0;1
64000;;;AMETHYSTS;SEASHELLS;9998.0;1
64200;SUBMISSION;;AMETHYSTS;SEASHELLS;9998.0;3
64400;;;AMETHYSTS;SEASHELLS;9998.0;4
64500;;;AMETHYSTS;SEASHELLS;9998.0;1
65000;;SUBMISSION;STARFRUIT;SEASHELLS;4985.0;1
65000;SUBMISSION;;AMETHYSTS;SEASHELLS;9998.0;1
65100;SUBMISSION;;AMETHYSTS;SEASHELLS;9998.0;3
65300;;SUBMISSION;AMETHYSTS;SEASHELLS;10001.0;2
65400;;;STARFRUIT;SEASHELLS;4986.0;3
66000;;;AMETHYSTS;SEASHELLS;9998.0;1
66100;SUBMISSION;;AMETHYSTS;SEASHELLS;9998.0;1
66200;;SUBMISSION;AMETHYSTS;SEASHELLS;10002.0;1
66300;;;STARFRUIT;SEASHELLS;4988.0;1
66400;SUBMISSION;;AMETHYSTS;SEASHELLS;9998.0;3
66900;;;STARFRUIT;SEASHELLS;4989.0;1
67100;;;STARFRUIT;SEASHELLS;4990.0;9
67200;;;STARFRUIT;SEASHELLS;4984.0;1
67300;;;AMETHYSTS;SEASHELLS;9998.0;5
67500;;;STARFRUIT;SEASHELLS;4983.0;1
67600;;;STARFRUIT;SEASHELLS;4990.0;12
68000;SUBMISSION;;STARFRUIT;SEASHELLS;4985.0;6
68100;;;AMETHYSTS;SEASHELLS;9998.0;2
68200;;SUBMISSION;STARFRUIT;SEASHELLS;4989.0;1
68300;;SUBMISSION;STARFRUIT;SEASHELLS;4989.0;1
68600;;;STARFRUIT;SEASHELLS;4984.0;1
68900;;SUBMISSION;STARFRUIT;SEASHELLS;4990.0;1
69100;;;STARFRUIT;SEASHELLS;4986.0;8
69100;;;STARFRUIT;SEASHELLS;4990.0;1
69200;;;STARFRUIT;SEASHELLS;4989.0;1
69200;;SUBMISSION;STARFRUIT;SEASHELLS;4989.0;1
69200;;SUBMISSION;STARFRUIT;SEASHELLS;4990.0;1
69300;;;AMETHYSTS;SEASHELLS;9998.0;1
69300;;SUBMISSION;STARFRUIT;SEASHELLS;4990.0;1
69400;;SUBMISSION;AMETHYSTS;SEASHELLS;10002.0;1
69600;;;STARFRUIT;SEASHELLS;4985.0;1
69700;;SUBMISSION;AMETHYSTS;SEASHELLS;10002.0;1
69700;SUBMISSION;;AMETHYSTS;SEASHELLS;9997.0;2
69700;;;STARFRUIT;SEASHELLS;4985.0;1
70100;SUBMISSION;;STARFRUIT;SEASHELLS;4985.0;1
70300;;;AMETHYSTS;SEASHELLS;9998.0;2
70600;SUBMISSION;;AMETHYSTS;SEASHELLS;9997.0;1
70600;;;STARFRUIT;SEASHELLS;4985.0;2
70800;;SUBMISSION;AMETHYSTS;SEASHELLS;10002.0;1
71200;;SUBMISSION;AMETHYSTS;SEASHELLS;10002.0;1
71200;;;STARFRUIT;SEASHELLS;4983.0;1
71500;;;AMETHYSTS;SEASHELLS;10002.0;3
71500;;SUBMISSION;AMETHYSTS;SEASHELLS;10002.0;1
71700;;;STARFRUIT;SEASHELLS;4984.0;8
71800;;SUBMISSION;AMETHYSTS;SEASHELLS;10002.0;1
71900;;SUBMISSION;STARFRUIT;SEASHELLS;4987.0;1
71900;;SUBMISSION;AMETHYSTS;SEASHELLS;10002.0;1
72000;;;STARFRUIT;SEASHELLS;4989.0;1
72200;;;STARFRUIT;SEASHELLS;4988.0;3
72400;;SUBMISSION;AMETHYSTS;SEASHELLS;10002.0;1
72500;;;STARFRUIT;SEASHELLS;4992.0;1
72500;;SUBMISSION;AMETHYSTS;SEASHELLS;10002.0;1
72600;;;STARFRUIT;SEASHELLS;4986.0;4
72900;;SUBMISSION;AMETHYSTS;SEASHELLS;10002.0;1
72900;;;STARFRUIT;SEASHELLS;4991.0;1
73000;;;AMETHYSTS;SEASHELLS;10002.0;1
73000;;;STARFRUIT;SEASHELLS;4984.0;1
73100;;;AMETHYSTS;SEASHELLS;10002.0;1
73400;SUBMISSION;;AMETHYSTS;SEASHELLS;9998.0;1
73900;;;STARFRUIT;SEASHELLS;4983.0;3
73900;;;STARFRUIT;SEASHELLS;4983.0;5
74000;;SUBMISSION;AMETHYSTS;SEASHELLS;10002.0;1
74300;;;STARFRUIT;SEASHELLS;4982.0;1
74600;;SUBMISSION;AMETHYSTS;SEASHELLS;10002.0;1
74900;;SUBMISSION;AMETHYSTS;SEASHELLS;10002.0;1
75000;SUBMISSION;;AMETHYSTS;SEASHELLS;9998.0;9
75000;;;STARFRUIT;SEASHELLS;4987.0;1
75000;SUBMISSION;;AMETHYSTS;SEASHELLS;9998.0;1
75200;;;STARFRUIT;SEASHELLS;4986.0;3
75500;SUBMISSION;;STARFRUIT;SEASHELLS;4984.0;2
75500;;;AMETHYSTS;SEASHELLS;9996.0;2
75600;;SUBMISSION;AMETHYSTS;SEASHELLS;10002.0;1
75900;SUBMISSION;;STARFRUIT;SEASHELLS;4984.0;6
76100;;;AMETHYSTS;SEASHELLS;9998.0;1
76200;;;STARFRUIT;SEASHELLS;4983.0;14
76400;;SUBMISSION;STARFRUIT;SEASHELLS;4986.0;3
76800;;SUBMISSION;STARFRUIT;SEASHELLS;4984.0;3
76900;;;STARFRUIT;SEASHELLS;4984.0;5
77000;;SUBMISSION;STARFRUIT;SEASHELLS;4986.0;1
77000;;SUBMISSION;AMETHYSTS;SEASHELLS;10001.0;2
77100;;;STARFRUIT;SEASHELLS;4987.0;1
77100;;SUBMISSION;STARFRUIT;SEASHELLS;4987.0;1
77200;;;STARFRUIT;SEASHELLS;4984.0;1
77200;;;STARFRUIT;SEASHELLS;4989.0;1
77600;;;STARFRUIT;SEASHELLS;4984.0;3
77600;;;STARFRUIT;SEASHELLS;4984.0;2
77900;;SUBMISSION;AMETHYSTS;SEASHELLS;10002.0;3
78000;;;AMETHYSTS;SEASHELLS;9998.0;5
78000;SUBMISSION;;AMETHYSTS;SEASHELLS;9998.0;6
78100;;;STARFRUIT;SEASHELLS;4984.0;1
78100;;SUBMISSION;AMETHYSTS;SEASHELLS;10002.0;1
78100;;;STARFRUIT;SEASHELLS;4985.0;3
78500;;SUBMISSION;AMETHYSTS;SEASHELLS;10001.0;11
78700;SUBMISSION;;AMETHYSTS;SEASHELLS;9998.0;1
78800;;SUBMISSION;AMETHYSTS;SEASHELLS;10002.0;1
78900;;;STARFRUIT;SEASHELLS;4988.0;1
78900;;SUBMISSION;AMETHYSTS;SEASHELLS;10002.0;1
79000;;;STARFRUIT;SEASHELLS;4984.0;3
79100;;;STARFRUIT;SEASHELLS;4983.0;1
79200;SUBMISSION;;AMETHYSTS;SEASHELLS;9998.0;3
79200;;;STARFRUIT;SEASHELLS;4985.0;5
79400;;;STARFRUIT;SEASHELLS;4982.0;1
79600;SUBMISSION;;STARFRUIT;SEASHELLS;4982.0;13
79800;;SUBMISSION;AMETHYSTS;SEASHELLS;10002.0;1
79900;;;AMETHYSTS;SEASHELLS;9998.0;3
79900;;;STARFRUIT;SEASHELLS;4981.0;1
80100;;SUBMISSION;STARFRUIT;SEASHELLS;4985.0;4
80500;;;STARFRUIT;SEASHELLS;4984.0;6
80500;;SUBMISSION;STARFRUIT;SEASHELLS;4984.0;3
80600;;SUBMISSION;STARFRUIT;SEASHELLS;4985.0;4
80800;;SUBMISSION;STARFRUIT;SEASHELLS;4986.0;1
80900;;;STARFRUIT;SEASHELLS;4982.0;1
81100;;;STARFRUIT;SEASHELLS;4986.0;1
81200;;SUBMISSION;STARFRUIT;SEASHELLS;4986.0;1
81400;;SUBMISSION;AMETHYSTS;SEASHELLS;10002.0;12
81800;;SUBMISSION;AMETHYSTS;SEASHELLS;10002.0;1
81900;SUBMISSION;;AMETHYSTS;SEASHELLS;9998.0;1
82200;;SUBMISSION;AMETHYSTS;SEASHELLS;10002.0;1
82500;;;STARFRUIT;SEASHELLS;4981.0;1
82600;SUBMISSION;;STARFRUIT;SEASHELLS;4982.0;3
82600;;;STARFRUIT;SEASHELLS;4982.0;1
82800;;SUBMISSION;STARFRUIT;SEASHELLS;4984.0;1
82800;;;AMETHYSTS;SEASHELLS;10002.0;1
82900;SUBMISSION;;AMETHYSTS;SEASHELLS;9998.0;1
83100;;SUBMISSION;STARFRUIT;SEASHELLS;4985.0;1
83100;;;STARFRUIT;SEASHELLS;4983.0;1
83100;;;STARFRUIT;SEASHELLS;4983.0;3
83100;SUBMISSION;;AMETHYSTS;SEASHELLS;9998.0;1
83400;;SUBMISSION;STARFRUIT;SEASHELLS;4985.0;1
83700;;;STARFRUIT;SEASHELLS;4982.0;1
84000;SUBMISSION;;AMETHYSTS;SEASHELLS;9998.0;1
84100;SUBMISSION;;AMETHYSTS;SEASHELLS;9998.0;9
84200;SUBMISSION;;AMETHYSTS;SEASHELLS;9998.0;3
84200;;;STARFRUIT;SEASHELLS;4982.0;1
84300;;SUBMISSION;AMETHYSTS;SEASHELLS;10002.0;7
84500;;;STARFRUIT;SEASHELLS;4983.0;1
84600;SUBMISSION;;AMETHYSTS;SEASHELLS;9998.0;1
85000;SUBMISSION;;AMETHYSTS;SEASHELLS;9998.0;1
85100;;;STARFRUIT;SEASHELLS;4989.0;14
85100;;;STARFRUIT;SEASHELLS;4982.0;13
85600;;;STARFRUIT;SEASHELLS;4987.0;4
85700;;SUBMISSION;AMETHYSTS;SEASHELLS;10002.0;3
85800;;;STARFRUIT;SEASHELLS;4983.0;1
85900;SUBMISSION;;AMETHYSTS;SEASHELLS;9998.0;1
86100;;SUBMISSION;AMETHYSTS;SEASHELLS;10002.0;1
86200;;;STARFRUIT;SEASHELLS;4984.0;3
86700;;;AMETHYSTS;SEASHELLS;9998.0;1
86700;;;STARFRUIT;SEASHELLS;4983.0;1
86800;;SUBMISSION;AMETHYSTS;SEASHELLS;10002.0;5
87200;SUBMISSION;;AMETHYSTS;SEASHELLS;9998.0;8
87400;;;STARFRUIT;SEASHELLS;4983.0;1
87700;;;STARFRUIT;SEASHELLS;4982.0;1
87900;;;STARFRUIT;SEASHELLS;4989.0;1
87900;;SUBMISSION;AMETHYSTS;SEASHELLS;10002.0;1
88000;SUBMISSION;;AMETHYSTS;SEASHELLS;9998.0;2
88000;;;STARFRUIT;SEASHELLS;4983.0;2
88100;;;STARFRUIT;SEASHELLS;4991.0;8
88100;SUBMISSION;;AMETHYSTS;SEASHELLS;9998.0;1
88200;;SUBMISSION;AMETHYSTS;SEASHELLS;10002.0;5
88300;;;STARFRUIT;SEASHELLS;4985.0;1
88500;;SUBMISSION;AMETHYSTS;SEASHELLS;10002.0;9
88500;;;STARFRUIT;SEASHELLS;4991.0;1
88900;;;STARFRUIT;SEASHELLS;4984.0;1
89100;;;AMETHYSTS;SEASHELLS;9998.0;1
89100;;;STARFRUIT;SEASHELLS;4984.0;1
89200;;;AMETHYSTS;SEASHELLS;10002.0;1
89600;;;STARFRUIT;SEASHELLS;4989.0;6
89600;SUBMISSION;;AMETHYSTS;SEASHELLS;9998.0;2
89600;;;STARFRUIT;SEASHELLS;4989.0;2
89800;;;STARFRUIT;SEASHELLS;4984.0;1
89900;;;STARFRUIT;SEASHELLS;4984.0;2
89900;SUBMISSION;;AMETHYSTS;SEASHELLS;9998.0;2
90000;;;AMETHYSTS;SEASHELLS;9998.0;1
90100;;;AMETHYSTS;SEASHELLS;10002.0;3
90300;;;AMETHYSTS;SEASHELLS;9998.0;1
90700;;SUBMISSION;AMETHYSTS;SEASHELLS;10002.0;1
90900;;;STARFRUIT;SEASHELLS;4990.0;1
91000;;;STARFRUIT;SEASHELLS;4990.0;1
91100;;;STARFRUIT;SEASHELLS;4985.0;1
91100;SUBMISSION;;AMETHYSTS;SEASHELLS;9998.0;1
91200;SUBMISSION;;AMETHYSTS;SEASHELLS;9998.0;1
91200;;;STARFRUIT;SEASHELLS;4985.0;1
91500;;;STARFRUIT;SEASHELLS;4986.0;15
91700;;;STARFRUIT;SEASHELLS;4990.0;4
91700;SUBMISSION;;AMETHYSTS;SEASHELLS;9998.0;1
91700;;;STARFRUIT;SEASHELLS;4991.0;1
92100;SUBMISSION;;AMETHYSTS;SEASHELLS;9998.0;1
92200;;;STARFRUIT;SEASHELLS;4987.0;7
92200;SUBMISSION;;AMETHYSTS;SEASHELLS;9998.0;2
92200;;;STARFRUIT;SEASHELLS;4987.0;1
92200;;;STARFRUIT;SEASHELLS;4986.0;2
92300;;;STARFRUIT;SEASHELLS;4993.0;12
92300;SUBMISSION;;AMETHYSTS;SEASHELLS;9998.0;1
92700;;;STARFRUIT;SEASHELLS;4987.0;1
92700;;;STARFRUIT;SEASHELLS;4986.0;1
92700;SUBMISSION;;AMETHYSTS;SEASHELLS;9998.0;1
92700;;;AMETHYSTS;SEASHELLS;10002.0;2
92700;;SUBMISSION;AMETHYSTS;SEASHELLS;10002.0;1
92900;;;STARFRUIT;SEASHELLS;4986.0;1
92900;;;AMETHYSTS;SEASHELLS;9998.0;1
93100;;;STARFRUIT;SEASHELLS;4990.0;3
93200;;;STARFRUIT;SEASHELLS;4990.0;1
93200;SUBMISSION;;AMETHYSTS;SEASHELLS;9998.0;1
93300;;;STARFRUIT;SEASHELLS;4990.0;1
93400;SUBMISSION;;AMETHYSTS;SEASHELLS;9998.0;3
93400;;SUBMISSION;AMETHYSTS;SEASHELLS;10002.0;7
93600;;SUBMISSION;AMETHYSTS;SEASHELLS;10002.0;1
93600;;;STARFRUIT;SEASHELLS;4993.0;1
93700;;SUBMISSION;AMETHYSTS;SEASHELLS;10002.0;1
93800;SUBMISSION;;AMETHYSTS;SEASHELLS;9998.0;1
94000;;SUBMISSION;AMETHYSTS;SEASHELLS;10002.0;4
94200;;;AMETHYSTS;SEASHELLS;10002.0;1
94300;;SUBMISSION;AMETHYSTS;SEASHELLS;10002.0;1
94400;;SUBMISSION;AMETHYSTS;SEASHELLS;10002.0;1
94400;;;STARFRUIT;SEASHELLS;4992.0;1
94600;;;AMETHYSTS;SEASHELLS;9998.0;1
94700;;SUBMISSION;AMETHYSTS;SEASHELLS;10002.0;1
94900;;;STARFRUIT;SEASHELLS;4993.0;6
94900;SUBMISSION;;AMETHYSTS;SEASHELLS;9998.0;1
95000;;;STARFRUIT;SEASHELLS;4992.0;1
95000;;SUBMISSION;AMETHYSTS;SEASHELLS;10002.0;1
95000;;SUBMISSION;AMETHYSTS;SEASHELLS;10002.0;7
95600;;;STARFRUIT;SEASHELLS;4986.0;1
95700;;SUBMISSION;AMETHYSTS;SEASHELLS;10002.0;1
95800;;SUBMISSION;AMETHYSTS;SEASHELLS;10002.0;5
95800;;;AMETHYSTS;SEASHELLS;10002.0;2
96000;;;STARFRUIT;SEASHELLS;4986.0;1
96000;SUBMISSION;;AMETHYSTS;SEASHELLS;9999.0;2
96000;SUBMISSION;;STARFRUIT;SEASHELLS;4986.0;1
96200;;;STARFRUIT;SEASHELLS;4986.0;1
96200;SUBMISSION;;AMETHYSTS;SEASHELLS;9998.0;5
96300;;;STARFRUIT;SEASHELLS;4987.0;1
96800;;SUBMISSION;AMETHYSTS;SEASHELLS;10002.0;3
96900;SUBMISSION;;STARFRUIT;SEASHELLS;4987.0;14
97100;SUBMISSION;;STARFRUIT;SEASHELLS;4988.0;1
97100;SUBMISSION;;AMETHYSTS;SEASHELLS;9998.0;1
97200;SUBMISSION;;STARFRUIT;SEASHELLS;4988.0;10
97200;;;STARFRUIT;SEASHELLS;4989.0;3
97300;SUBMISSION;;STARFRUIT;SEASHELLS;4987.0;1
97600;;;AMETHYSTS;SEASHELLS;10002.0;7
97600;;SUBMISSION;AMETHYSTS;SEASHELLS;10002.0;3
97700;;;STARFRUIT;SEASHELLS;4993.0;1
97900;;;STARFRUIT;SEASHELLS;4988.0;1
98100;SUBMISSION;;AMETHYSTS;SEASHELLS;9998.0;1
98200;;SUBMISSION;STARFRUIT;SEASHELLS;4991.0;10
98300;;SUBMISSION;STARFRUIT;SEASHELLS;4992.0;2
98400;;SUBMISSION;STARFRUIT;SEASHELLS;4991.0;5
98700;;SUBMISSION;STARFRUIT;SEASHELLS;4990.0;4
98800;;SUBMISSION;STARFRUIT;SEASHELLS;4993.0;1
98800;;;AMETHYSTS;SEASHELLS;10002.0;1
98800;;SUBMISSION;STARFRUIT;SEASHELLS;4990.0;2
98900;;SUBMISSION;STARFRUIT;SEASHELLS;4990.0;1
99000;;;STARFRUIT;SEASHELLS;4988.0;1
99300;;SUBMISSION;STARFRUIT;SEASHELLS;4993.0;1
99400;;SUBMISSION;STARFRUIT;SEASHELLS;4990.0;1
99400;;SUBMISSION;AMETHYSTS;SEASHELLS;10003.0;2
99800;;;STARFRUIT;SEASHELLS;4994.0;3
99800;;;STARFRUIT;SEASHELLS;4994.0;1
99900;;;STARFRUIT;SEASHELLS;4987.0;1
100000;;SUBMISSION;AMETHYSTS;SEASHELLS;10003.0;1
100000;;;STARFRUIT;SEASHELLS;4992.0;1
100200;;;AMETHYSTS;SEASHELLS;9998.0;1
100500;SUBMISSION;;AMETHYSTS;SEASHELLS;9999.0;8
100700;;SUBMISSION;AMETHYSTS;SEASHELLS;10002.0;1
100900;SUBMISSION;;STARFRUIT;SEASHELLS;4988.0;8
101200;;SUBMISSION;STARFRUIT;SEASHELLS;4992.0;6
101200;SUBMISSION;;STARFRUIT;SEASHELLS;4987.0;1
101200;;;STARFRUIT;SEASHELLS;4992.0;9
101200;;SUBMISSION;AMETHYSTS;SEASHELLS;10002.0;2
101200;;;STARFRUIT;SEASHELLS;4993.0;2
101300;SUBMISSION;;AMETHYSTS;SEASHELLS;9998.0;2
101500;;SUBMISSION;AMETHYSTS;SEASHELLS;10002.0;2
101500;;SUBMISSION;STARFRUIT;SEASHELLS;4991.0;1
101500;;;STARFRUIT;SEASHELLS;4987.0;1
101500;;;AMETHYSTS;SEASHELLS;9998.0;3
101600;;;STARFRUIT;SEASHELLS;4988.0;5
101600;SUBMISSION;;STARFRUIT;SEASHELLS;4987.0;1
102000;;SUBMISSION;AMETHYSTS;SEASHELLS;10002.0;1
102200;;SUBMISSION;AMETHYSTS;SEASHELLS;10002.0;2
102200;;;STARFRUIT;SEASHELLS;4990.0;1
102200;;;STARFRUIT;SEASHELLS;4989.0;2
102300;;;AMETHYSTS;SEASHELLS;9998.0;4
102600;;;STARFRUIT;SEASHELLS;4986.0;2
102600;;;AMETHYSTS;SEASHELLS;9998.0;2
102600;;;AMETHYSTS;SEASHELLS;9998.0;1
102700;;SUBMISSION;AMETHYSTS;SEASHELLS;10003.0;2
103100;;SUBMISSION;STARFRUIT;SEASHELLS;4989.0;1
103400;;;AMETHYSTS;SEASHELLS;10002.0;1
103400;;;STARFRUIT;SEASHELLS;4984.0;1
104000;;;STARFRUIT;SEASHELLS;4989.0;1
104200;;;STARFRUIT;SEASHELLS;4984.0;1
104300;;;STARFRUIT;SEASHELLS;4984.0;1
104700;;;AMETHYSTS;SEASHELLS;10002.0;1
104900;;;STARFRUIT;SEASHELLS;4990.0;1
104900;;;AMETHYSTS;SEASHELLS;10004.0;1
105200;;;STARFRUIT;SEASHELLS;4990.0;7
105200;;;STARFRUIT;SEASHELLS;4986.0;1
105300;;SUBMISSION;STARFRUIT;SEASHELLS;4991.0;1
105400;;;AMETHYSTS;SEASHELLS;10002.0;1
105600;;SUBMISSION;STARFRUIT;SEASHELLS;4992.0;1
105700;;;STARFRUIT;SEASHELLS;4991.0;1
106000;SUBMISSION;;STARFRUIT;SEASHELLS;4986.0;4
106100;SUBMISSION;;AMETHYSTS;SEASHELLS;9999.0;7
106200;;SUBMISSION;STARFRUIT;SEASHELLS;4990.0;3
106300;SUBMISSION;;AMETHYSTS;SEASHELLS;9998.0;2
106300;;;STARFRUIT;SEASHELLS;4984.0;1
106300;;;AMETHYSTS;SEASHELLS;9998.0;1
106300;SUBMISSION;;STARFRUIT;SEASHELLS;4986.0;8
106500;;SUBMISSION;AMETHYSTS;SEASHELLS;10002.0;9
106600;SUBMISSION;;AMETHYSTS;SEASHELLS;9998.0;1
106600;;;AMETHYSTS;SEASHELLS;9998.0;2
106600;SUBMISSION;;AMETHYSTS;SEASHELLS;9998.0;3
106700;SUBMISSION;;AMETHYSTS;SEASHELLS;9998.0;1
106800;;SUBMISSION;AMETHYSTS;SEASHELLS;10002.0;1
107100;SUBMISSION;;AMETHYSTS;SEASHELLS;9998.0;1
107400;;SUBMISSION;STARFRUIT;SEASHELLS;4985.0;6
107400;;;STARFRUIT;SEASHELLS;4984.0;1
107400;SUBMISSION;;AMETHYSTS;SEASHELLS;9998.0;1
107500;;SUBMISSION;STARFRUIT;SEASHELLS;4985.0;2
107600;;;STARFRUIT;SEASHELLS;4989.0;1
108000;SUBMISSION;;AMETHYSTS;SEASHELLS;9998.0;11
108100;SUBMISSION;;AMETHYSTS;SEASHELLS;9998.0;1
108100;SUBMISSION;;STARFRUIT;SEASHELLS;4986.0;11
108400;;;STARFRUIT;SEASHELLS;4987.0;1
108500;SUBMISSION;;STARFRUIT;SEASHELLS;4983.0;1
108600;SUBMISSION;;AMETHYSTS;SEASHELLS;9998.0;1
108600;SUBMISSION;;AMETHYSTS;SEASHELLS;9998.0;3
109000;;;STARFRUIT;SEASHELLS;4982.0;1
109100;;;STARFRUIT;SEASHELLS;4983.0;1
109300;;;STARFRUIT;SEASHELLS;4982.0;1
109300;;SUBMISSION;STARFRUIT;SEASHELLS;4986.0;4
109300;;;STARFRUIT;SEASHELLS;4986.0;7
109600;SUBMISSION;;AMETHYSTS;SEASHELLS;9998.0;1
109700;;;STARFRUIT;SEASHELLS;4984.0;1
109800;;SUBMISSION;AMETHYSTS;SEASHELLS;10002.0;1
109900;;SUBMISSION;AMETHYSTS;SEASHELLS;10002.0;1
110000;SUBMISSION;;AMETHYSTS;SEASHELLS;9998.0;8
110100;;;STARFRUIT;SEASHELLS;4983.0;1
110400;;SUBMISSION;AMETHYSTS;SEASHELLS;10002.0;10
110400;;SUBMISSION;STARFRUIT;SEASHELLS;4986.0;3
110400;;;STARFRUIT;SEASHELLS;4984.0;7
110600;;SUBMISSION;AMETHYSTS;SEASHELLS;10002.0;8
110600;;SUBMISSION;STARFRUIT;SEASHELLS;4988.0;1
110700;;;STARFRUIT;SEASHELLS;4986.0;3
111000;;SUBMISSION;STARFRUIT;SEASHELLS;4987.0;1
111000;SUBMISSION;;STARFRUIT;SEASHELLS;4983.0;4
111000;SUBMISSION;;AMETHYSTS;SEASHELLS;9998.0;1
111000;;SUBMISSION;AMETHYSTS;SEASHELLS;10002.0;5
111100;;;STARFRUIT;SEASHELLS;4987.0;10
111100;SUBMISSION;;AMETHYSTS;SEASHELLS;9998.0;4
111100;;SUBMISSION;STARFRUIT;SEASHELLS;4987.0;5
111300;;;STARFRUIT;SEASHELLS;4982.0;1
111300;SUBMISSION;;AMETHYSTS;SEASHELLS;9998.0;3
111500;;SUBMISSION;STARFRUIT;SEASHELLS;4987.0;1
111700;;;STARFRUIT;SEASHELLS;4982.0;1
112100;SUBMISSION;;AMETHYSTS;SEASHELLS;9998.0;5
112200;;SUBMISSION;STARFRUIT;SEASHELLS;4986.0;1
113000;;;AMETHYSTS;SEASHELLS;10002.0;6
113000;;SUBMISSION;AMETHYSTS;SEASHELLS;10002.0;4
113300;;;STARFRUIT;SEASHELLS;4981.0;5
113700;SUBMISSION;;STARFRUIT;SEASHELLS;4979.0;6
113700;;;STARFRUIT;SEASHELLS;4979.0;6
113700;;;STARFRUIT;SEASHELLS;4979.0;1
113800;;;STARFRUIT;SEASHELLS;4982.0;2
113800;;SUBMISSION;AMETHYSTS;SEASHELLS;10002.0;1
113800;;SUBMISSION;STARFRUIT;SEASHELLS;4982.0;2
113800;SUBMISSION;;AMETHYSTS;SEASHELLS;9998.0;2
114000;SUBMISSION;;AMETHYSTS;SEASHELLS;9998.0;11
114100;;SUBMISSION;STARFRUIT;SEASHELLS;4984.0;1
114400;;SUBMISSION;AMETHYSTS;SEASHELLS;10002.0;7
114400;;;AMETHYSTS;SEASHELLS;10002.0;2
114600;;SUBMISSION;AMETHYSTS;SEASHELLS;10002.0;1
114800;;SUBMISSION;STARFRUIT;SEASHELLS;4984.0;2
114800;;;STARFRUIT;SEASHELLS;4984.0;13
115100;;;STARFRUIT;SEASHELLS;4985.0;1
115300;SUBMISSION;;AMETHYSTS;SEASHELLS;9998.0;1
115700;SUBMISSION;;STARFRUIT;SEASHELLS;4983.0;12
115700;;;STARFRUIT;SEASHELLS;4984.0;1
116000;;SUBMISSION;STARFRUIT;SEASHELLS;4984.0;4
116000;;;STARFRUIT;SEASHELLS;4979.0;1
116200;;;STARFRUIT;SEASHELLS;4979.0;1
116200;SUBMISSION;;AMETHYSTS;SEASHELLS;9998.0;1
116700;;SUBMISSION;AMETHYSTS;SEASHELLS;10002.0;1
116800;;SUBMISSION;AMETHYSTS;SEASHELLS;10002.0;3
116800;;SUBMISSION;STARFRUIT;SEASHELLS;4981.0;5
116900;SUBMISSION;;AMETHYSTS;SEASHELLS;9998.0;8
116900;;SUBMISSION;STARFRUIT;SEASHELLS;4981.0;2
117000;;SUBMISSION;STARFRUIT;SEASHELLS;4981.0;1
117100;;SUBMISSION;STARFRUIT;SEASHELLS;4982.0;1
117500;;;STARFRUIT;SEASHELLS;4979.0;2
117700;;;STARFRUIT;SEASHELLS;4978.0;5
117900;;;STARFRUIT;SEASHELLS;4978.0;4
118100;;;AMETHYSTS;SEASHELLS;10002.0;1
118200;SUBMISSION;;STARFRUIT;SEASHELLS;4977.0;1
118300;;;STARFRUIT;SEASHELLS;4976.0;1
118500;;;STARFRUIT;SEASHELLS;4975.0;1
118700;SUBMISSION;;STARFRUIT;SEASHELLS;4976.0;10
119100;;SUBMISSION;STARFRUIT;SEASHELLS;4979.0;2
119300;;SUBMISSION;AMETHYSTS;SEASHELLS;10002.0;10
119300;SUBMISSION;;AMETHYSTS;SEASHELLS;9998.0;1
119300;;;AMETHYSTS;SEASHELLS;10002.0;1
119600;;;STARFRUIT;SEASHELLS;4974.0;1
119800;;;AMETHYSTS;SEASHELLS;10000.0;1
119800;;;STARFRUIT;SEASHELLS;4979.0;1
119800;;;STARFRUIT;SEASHELLS;4976.0;1
119900;;;STARFRUIT;SEASHELLS;4974.0;1
119900;;SUBMISSION;AMETHYSTS;SEASHELLS;10002.0;1
120000;;SUBMISSION;AMETHYSTS;SEASHELLS;10002.0;1
120200;;SUBMISSION;AMETHYSTS;SEASHELLS;10002.0;1
120300;SUBMISSION;;AMETHYSTS;SEASHELLS;9998.0;2
120300;SUBMISSION;;STARFRUIT;SEASHELLS;4974.0;2
120400;SUBMISSION;;STARFRUIT;SEASHELLS;4974.0;2
120500;;;AMETHYSTS;SEASHELLS;10002.0;1
120500;SUBMISSION;;STARFRUIT;SEASHELLS;4974.0;3
120500;;;STARFRUIT;SEASHELLS;4978.0;4
120500;;SUBMISSION;STARFRUIT;SEASHELLS;4978.0;4
120500;;;STARFRUIT;SEASHELLS;4978.0;1
120600;;;STARFRUIT;SEASHELLS;4973.0;1
121100;;;STARFRUIT;SEASHELLS;4974.0;1
121400;;SUBMISSION;AMETHYSTS;SEASHELLS;10002.0;5
121500;;;AMETHYSTS;SEASHELLS;10002.0;1
121500;;;STARFRUIT;SEASHELLS;4980.0;1
121800;;;AMETHYSTS;SEASHELLS;10002.0;1
121900;;SUBMISSION;STARFRUIT;SEASHELLS;4979.0;1
122300;SUBMISSION;;STARFRUIT;SEASHELLS;4976.0;5
122600;;;STARFRUIT;SEASHELLS;4979.0;1
122800;;;STARFRUIT;SEASHELLS;4978.0;6
122900;;SUBMISSION;STARFRUIT;SEASHELLS;4978.0;1
123000;;;STARFRUIT;SEASHELLS;4973.0;1
123000;;;AMETHYSTS;SEASHELLS;9998.0;1
123200;;;STARFRUIT;SEASHELLS;4974.0;4
123300;;SUBMISSION;STARFRUIT;SEASHELLS;4976.0;9
123500;;SUBMISSION;STARFRUIT;SEASHELLS;4976.0;4
123600;;;STARFRUIT;SEASHELLS;4973.0;7
123700;;SUBMISSION;AMETHYSTS;SEASHELLS;10002.0;6
123800;SUBMISSION;;AMETHYSTS;SEASHELLS;9998.0;1
123800;;SUBMISSION;STARFRUIT;SEASHELLS;4977.0;1
124000;;SUBMISSION;AMETHYSTS;SEASHELLS;10002.0;2
124000;;;STARFRUIT;SEASHELLS;4979.0;2
124000;;SUBMISSION;STARFRUIT;SEASHELLS;4977.0;1
124100;SUBMISSION;;STARFRUIT;SEASHELLS;4973.0;3
124500;SUBMISSION;;AMETHYSTS;SEASHELLS;9998.0;5
124500;SUBMISSION;;STARFRUIT;SEASHELLS;4972.0;3
124700;SUBMISSION;;AMETHYSTS;SEASHELLS;9998.0;1
124700;SUBMISSION;;STARFRUIT;SEASHELLS;4975.0;5
124800;SUBMISSION;;STARFRUIT;SEASHELLS;4975.0;8
125000;SUBMISSION;;STARFRUIT;SEASHELLS;4975.0;5
125100;SUBMISSION;;STARFRUIT;SEASHELLS;4975.0;4
125200;;SUBMISSION;AMETHYSTS;SEASHELLS;10002.0;4
125200;SUBMISSION;;STARFRUIT;SEASHELLS;4976.0;3
125300;;;STARFRUIT;SEASHELLS;4970.0;1
125400;;;AMETHYSTS;SEASHELLS;9998.0;1
125400;SUBMISSION;;STARFRUIT;SEASHELLS;4973.0;4
125700;SUBMISSION;;AMETHYSTS;SEASHELLS;9998.0;2
125800;SUBMISSION;;AMETHYSTS;SEASHELLS;9998.0;1
125900;;;STARFRUIT;SEASHELLS;4971.0;6
126100;;SUBMISSION;AMETHYSTS;SEASHELLS;10002.0;1
126200;;SUBMISSION;AMETHYSTS;SEASHELLS;10002.0;7
126300;SUBMISSION;;STARFRUIT;SEASHELLS;4970.0;2
126300;SUBMISSION;;AMETHYSTS;SEASHELLS;9999.0;2
126400;;;STARFRUIT;SEASHELLS;4969.0;1
126400;;;STARFRUIT;SEASHELLS;4969.0;2
126400;SUBMISSION;;AMETHYSTS;SEASHELLS;9999.0;2
126700;;SUBMISSION;AMETHYSTS;SEASHELLS;10002.0;2
127000;;;STARFRUIT;SEASHELLS;4970.0;2
127000;;SUBMISSION;STARFRUIT;SEASHELLS;4973.0;11
127000;SUBMISSION;;AMETHYSTS;SEASHELLS;9999.0;2
127400;;SUBMISSION;AMETHYSTS;SEASHELLS;10002.0;2
127400;;;STARFRUIT;SEASHELLS;4974.0;2
127500;;;STARFRUIT;SEASHELLS;4969.0;1
127500;SUBMISSION;;AMETHYSTS;SEASHELLS;9998.0;3
127900;;SUBMISSION;AMETHYSTS;SEASHELLS;10002.0;5
127900;;;AMETHYSTS;SEASHELLS;10002.0;4
128000;;SUBMISSION;STARFRUIT;SEASHELLS;4974.0;1
128200;;;AMETHYSTS;SEASHELLS;10002.0;1
128300;;SUBMISSION;STARFRUIT;SEASHELLS;4973.0;1
128400;SUBMISSION;;AMETHYSTS;SEASHELLS;9999.0;1
128400;;;STARFRUIT;SEASHELLS;4968.0;1
128400;;;STARFRUIT;SEASHELLS;4969.0;2
128700;;SUBMISSION;AMETHYSTS;SEASHELLS;10003.0;1
128800;;SUBMISSION;STARFRUIT;SEASHELLS;4971.0;10
128900;;SUBMISSION;STARFRUIT;SEASHELLS;4974.0;4
128900;;;AMETHYSTS;SEASHELLS;10002.0;2
128900;;SUBMISSION;STARFRUIT;SEASHELLS;4975.0;1
128900;;SUBMISSION;STARFRUIT;SEASHELLS;4971.0;1
129000;;SUBMISSION;STARFRUIT;SEASHELLS;4971.0;4
129200;;SUBMISSION;STARFRUIT;SEASHELLS;4971.0;2
129300;;SUBMISSION;STARFRUIT;SEASHELLS;4971.0;1
129400;;SUBMISSION;STARFRUIT;SEASHELLS;4971.0;1
129500;;SUBMISSION;STARFRUIT;SEASHELLS;4971.0;1
129600;;;STARFRUIT;SEASHELLS;4970.0;1
130100;SUBMISSION;;AMETHYSTS;SEASHELLS;9998.0;1
130300;;;AMETHYSTS;SEASHELLS;10002.0;1
130400;;;STARFRUIT;SEASHELLS;4969.0;1
130700;;;STARFRUIT;SEASHELLS;4975.0;1
131000;;;STARFRUIT;SEASHELLS;4974.0;1
131400;SUBMISSION;;AMETHYSTS;SEASHELLS;9998.0;1
131700;SUBMISSION;;STARFRUIT;SEASHELLS;4970.0;9
131800;;;STARFRUIT;SEASHELLS;4968.0;1
131800;;;STARFRUIT;SEASHELLS;4969.0;4
131800;;;STARFRUIT;SEASHELLS;4968.0;12
132000;;SUBMISSION;STARFRUIT;SEASHELLS;4971.0;3
132100;;;AMETHYSTS;SEASHELLS;9998.0;1
132100;;SUBMISSION;STARFRUIT;SEASHELLS;4971.0;3
132100;;;AMETHYSTS;SEASHELLS;9998.0;3
132300;;SUBMISSION;STARFRUIT;SEASHELLS;4970.0;2
132300;;;AMETHYSTS;SEASHELLS;10002.0;4
132400;;SUBMISSION;AMETHYSTS;SEASHELLS;10003.0;1
132400;;SUBMISSION;STARFRUIT;SEASHELLS;4971.0;1
132500;;;STARFRUIT;SEASHELLS;4968.0;1
132500;;;STARFRUIT;SEASHELLS;4968.0;14
132500;SUBMISSION;;AMETHYSTS;SEASHELLS;9999.0;1
132900;SUBMISSION;;AMETHYSTS;SEASHELLS;9998.0;1
133000;;;STARFRUIT;SEASHELLS;4969.0;13
133100;;SUBMISSION;AMETHYSTS;SEASHELLS;10003.0;3
133100;;;AMETHYSTS;SEASHELLS;10003.0;2
133100;;;AMETHYSTS;SEASHELLS;10002.0;5
133200;SUBMISSION;;AMETHYSTS;SEASHELLS;9999.0;8
133400;;;STARFRUIT;SEASHELLS;4968.0;1
133400;;;AMETHYSTS;SEASHELLS;9998.0;2
133400;SUBMISSION;;AMETHYSTS;SEASHELLS;9998.0;1
133500;;;STARFRUIT;SEASHELLS;4973.0;1
133700;SUBMISSION;;STARFRUIT;SEASHELLS;4968.0;1
134000;;;STARFRUIT;SEASHELLS;4971.0;2
134000;;;STARFRUIT;SEASHELLS;4973.0;1
134100;;;AMETHYSTS;SEASHELLS;9998.0;2
134200;;SUBMISSION;AMETHYSTS;SEASHELLS;10002.0;1
134300;;SUBMISSION;AMETHYSTS;SEASHELLS;10002.0;1
134600;;SUBMISSION;AMETHYSTS;SEASHELLS;10002.0;2
134700;;;AMETHYSTS;SEASHELLS;10002.0;1
134700;;SUBMISSION;AMETHYSTS;SEASHELLS;10002.0;4
134700;;SUBMISSION;AMETHYSTS;SEASHELLS;10002.0;1
134900;SUBMISSION;;AMETHYSTS;SEASHELLS;9998.0;1
134900;;;AMETHYSTS;SEASHELLS;9998.0;1
135100;;SUBMISSION;STARFRUIT;SEASHELLS;4972.0;1
135400;SUBMISSION;;STARFRUIT;SEASHELLS;4968.0;9
135500;;;STARFRUIT;SEASHELLS;4972.0;1
135600;;;AMETHYSTS;SEASHELLS;10002.0;1
135800;;;STARFRUIT;SEASHELLS;4970.0;3
135900;;SUBMISSION;STARFRUIT;SEASHELLS;4971.0;2
135900;;SUBMISSION;AMETHYSTS;SEASHELLS;10003.0;1
136000;SUBMISSION;;AMETHYSTS;SEASHELLS;9998.0;1
136300;;;AMETHYSTS;SEASHELLS;10002.0;1
136500;;;STARFRUIT;SEASHELLS;4969.0;1
136500;;;AMETHYSTS;SEASHELLS;10003.0;1
136500;;SUBMISSION;AMETHYSTS;SEASHELLS;10003.0;1
136500;;SUBMISSION;STARFRUIT;SEASHELLS;4970.0;5
137000;SUBMISSION;;AMETHYSTS;SEASHELLS;9999.0;8
137100;;SUBMISSION;AMETHYSTS;SEASHELLS;10002.0;6
137100;;;AMETHYSTS;SEASHELLS;10002.0;3
137200;;SUBMISSION;STARFRUIT;SEASHELLS;4971.0;1
137300;;SUBMISSION;STARFRUIT;SEASHELLS;4971.0;1
137400;;;AMETHYSTS;SEASHELLS;10002.0;3
137500;SUBMISSION;;AMETHYSTS;SEASHELLS;9998.0;1
137600;;;STARFRUIT;SEASHELLS;4973.0;1
137700;SUBMISSION;;AMETHYSTS;SEASHELLS;9998.0;8
137700;;;AMETHYSTS;SEASHELLS;9998.0;2
137700;SUBMISSION;;STARFRUIT;SEASHELLS;4969.0;3
137900;;;STARFRUIT;SEASHELLS;4974.0;1
137900;;SUBMISSION;AMETHYSTS;SEASHELLS;10002.0;1
138100;SUBMISSION;;AMETHYSTS;SEASHELLS;9998.0;9
138200;SUBMISSION;;AMETHYSTS;SEASHELLS;9998.0;1
138300;SUBMISSION;;AMETHYSTS;SEASHELLS;9998.0;7
138400;SUBMISSION;;AMETHYSTS;SEASHELLS;9998.0;1
138500;;;STARFRUIT;SEASHELLS;4967.0;1
138500;;;STARFRUIT;SEASHELLS;4973.0;13
138600;;;STARFRUIT;SEASHELLS;4967.0;1
138600;SUBMISSION;;STARFRUIT;SEASHELLS;4969.0;2
138900;;;STARFRUIT;SEASHELLS;4967.0;10
139000;;;STARFRUIT;SEASHELLS;4968.0;1
139400;;SUBMISSION;STARFRUIT;SEASHELLS;4970.0;2
139400;;SUBMISSION;AMETHYSTS;SEASHELLS;10002.0;2
139400;;SUBMISSION;AMETHYSTS;SEASHELLS;10002.0;5
139400;;;STARFRUIT;SEASHELLS;4967.0;1
139600;SUBMISSION;;AMETHYSTS;SEASHELLS;9998.0;1
139700;;;STARFRUIT;SEASHELLS;4967.0;4
139700;;;STARFRUIT;SEASHELLS;4966.0;1
139800;;SUBMISSION;STARFRUIT;SEASHELLS;4971.0;1
140100;SUBMISSION;;STARFRUIT;SEASHELLS;4966.0;1
140300;;SUBMISSION;AMETHYSTS;SEASHELLS;10002.0;1
140400;;;STARFRUIT;SEASHELLS;4966.0;1
140600;;;STARFRUIT;SEASHELLS;4966.0;1
140700;;SUBMISSION;STARFRUIT;SEASHELLS;4969.0;1
141600;;;AMETHYSTS;SEASHELLS;10002.0;1
142000;;SUBMISSION;STARFRUIT;SEASHELLS;4969.0;1
142300;;SUBMISSION;STARFRUIT;SEASHELLS;4968.0;1
142400;;SUBMISSION;AMETHYSTS;SEASHELLS;10002.0;3
142600;;;STARFRUIT;SEASHELLS;4963.0;1
142700;;SUBMISSION;AMETHYSTS;SEASHELLS;10002.0;5
142800;;;AMETHYSTS;SEASHELLS;9998.0;2
142900;SUBMISSION;;AMETHYSTS;SEASHELLS;9998.0;1
143100;;;AMETHYSTS;SEASHELLS;10002.0;1
143100;;;STARFRUIT;SEASHELLS;4964.0;1
143600;SUBMISSION;;AMETHYSTS;SEASHELLS;9998.0;1
143600;;;STARFRUIT;SEASHELLS;4963.0;1
143900;;SUBMISSION;AMETHYSTS;SEASHELLS;10002.0;1
144000;;;STARFRUIT;SEASHELLS;4968.0;1
144200;;;STARFRUIT;SEASHELLS;4967.0;1
144600;;SUBMISSION;AMETHYSTS;SEASHELLS;10002.0;2
145000;SUBMISSION;;STARFRUIT;SEASHELLS;4965.0;1
145000;;;AMETHYSTS;SEASHELLS;9998.0;1
145100;SUBMISSION;;STARFRUIT;SEASHELLS;4964.0;10
145200;;SUBMISSION;STARFRUIT;SEASHELLS;4968.0;1
145300;SUBMISSION;;AMETHYSTS;SEASHELLS;9998.0;3
145400;;;AMETHYSTS;SEASHELLS;9998.0;1
145400;;;STARFRUIT;SEASHELLS;4963.0;1
145500;;;STARFRUIT;SEASHELLS;4968.0;1
145500;;SUBMISSION;AMETHYSTS;SEASHELLS;10002.0;1
145600;SUBMISSION;;AMETHYSTS;SEASHELLS;9998.0;8
145600;;;STARFRUIT;SEASHELLS;4963.0;1
145700;;SUBMISSION;AMETHYSTS;SEASHELLS;10002.0;10
145800;;SUBMISSION;STARFRUIT;SEASHELLS;4965.0;4
146000;;SUBMISSION;STARFRUIT;SEASHELLS;4965.0;3
146000;;;STARFRUIT;SEASHELLS;4962.0;6
146300;;;STARFRUIT;SEASHELLS;4963.0;15
146300;;;AMETHYSTS;SEASHELLS;9998.0;1
146400;;;STARFRUIT;SEASHELLS;4963.0;9
146500;;SUBMISSION;STARFRUIT;SEASHELLS;4965.0;1
146500;;SUBMISSION;AMETHYSTS;SEASHELLS;10002.0;1
146600;;;AMETHYSTS;SEASHELLS;10000.0;4
146900;;;STARFRUIT;SEASHELLS;4963.0;1
147200;;SUBMISSION;STARFRUIT;SEASHELLS;4966.0;1
147600;;;STARFRUIT;SEASHELLS;4962.0;1
147700;;SUBMISSION;AMETHYSTS;SEASHELLS;10002.0;1
147800;;SUBMISSION;STARFRUIT;SEASHELLS;4967.0;1
147800;;;STARFRUIT;SEASHELLS;4962.0;7
148000;;;STARFRUIT;SEASHELLS;4968.0;9
148200;;;STARFRUIT;SEASHELLS;4962.0;1
148700;;;STARFRUIT;SEASHELLS;4968.0;2
148700;;;STARFRUIT;SEASHELLS;4961.0;1
148700;;SUBMISSION;AMETHYSTS;SEASHELLS;10002.0;2
149000;;SUBMISSION;AMETHYSTS;SEASHELLS;10002.0;5
149500;;;STARFRUIT;SEASHELLS;4965.0;1
149700;;;STARFRUIT;SEASHELLS;4966.0;5
149800;;;AMETHYSTS;SEASHELLS;10002.0;2
149800;;;STARFRUIT;SEASHELLS;4965.0;1
149800;SUBMISSION;;STARFRUIT;SEASHELLS;4963.0;12
149800;;;AMETHYSTS;SEASHELLS;10002.0;3
149900;SUBMISSION;;STARFRUIT;SEASHELLS;4961.0;5
150000;SUBMISSION;;AMETHYSTS;SEASHELLS;9999.0;5
150200;;;AMETHYSTS;SEASHELLS;9998.0;1
150200;SUBMISSION;;AMETHYSTS;SEASHELLS;9998.0;1
150400;SUBMISSION;;AMETHYSTS;SEASHELLS;9998.0;1
150400;SUBMISSION;;STARFRUIT;SEASHELLS;4960.0;1
150500;;SUBMISSION;AMETHYSTS;SEASHELLS;10002.0;1
150600;SUBMISSION;;STARFRUIT;SEASHELLS;4959.0;1
150800;SUBMISSION;;AMETHYSTS;SEASHELLS;9998.0;1
151100;;SUBMISSION;STARFRUIT;SEASHELLS;4965.0;1
151300;;SUBMISSION;STARFRUIT;SEASHELLS;4965.0;1
151500;SUBMISSION;;STARFRUIT;SEASHELLS;4960.0;1
151600;;SUBMISSION;STARFRUIT;SEASHELLS;4964.0;8
151600;;SUBMISSION;STARFRUIT;SEASHELLS;4965.0;1
151600;SUBMISSION;;AMETHYSTS;SEASHELLS;9998.0;7
151600;;SUBMISSION;STARFRUIT;SEASHELLS;4964.0;3
151600;;;AMETHYSTS;SEASHELLS;9998.0;1
151600;;SUBMISSION;AMETHYSTS;SEASHELLS;10002.0;3
152000;SUBMISSION;;AMETHYSTS;SEASHELLS;9998.0;11
152200;SUBMISSION;;STARFRUIT;SEASHELLS;4960.0;5
152300;;;STARFRUIT;SEASHELLS;4965.0;2
152300;;SUBMISSION;AMETHYSTS;SEASHELLS;10002.0;2
152300;;SUBMISSION;STARFRUIT;SEASHELLS;4964.0;8
152600;;;STARFRUIT;SEASHELLS;4961.0;1
152800;;SUBMISSION;STARFRUIT;SEASHELLS;4963.0;1
153000;SUBMISSION;;AMETHYSTS;SEASHELLS;9998.0;3
153000;;SUBMISSION;STARFRUIT;SEASHELLS;4966.0;1
153300;;;STARFRUIT;SEASHELLS;4968.0;14
153500;;SUBMISSION;STARFRUIT;SEASHELLS;4966.0;1
153500;SUBMISSION;;AMETHYSTS;SEASHELLS;9998.0;1
153500;;;STARFRUIT;SEASHELLS;4965.0;2
153500;;SUBMISSION;AMETHYSTS;SEASHELLS;10002.0;1
153600;;;STARFRUIT;SEASHELLS;4967.0;14
154300;SUBMISSION;;STARFRUIT;SEASHELLS;4964.0;6
154300;SUBMISSION;;STARFRUIT;SEASHELLS;4964.0;2
154300;SUBMISSION;;AMETHYSTS;SEASHELLS;9998.0;2
154700;;SUBMISSION;STARFRUIT;SEASHELLS;4967.0;6
154800;;SUBMISSION;AMETHYSTS;SEASHELLS;10002.0;1
154900;SUBMISSION;;AMETHYSTS;SEASHELLS;9998.0;1
154900;SUBMISSION;;STARFRUIT;SEASHELLS;4964.0;11
155100;;;STARFRUIT;SEASHELLS;4963.0;1
155200;;SUBMISSION;AMETHYSTS;SEASHELLS;10002.0;1
155200;;SUBMISSION;STARFRUIT;SEASHELLS;4965.0;6
155300;;SUBMISSION;STARFRUIT;SEASHELLS;4965.0;4
155400;;SUBMISSION;STARFRUIT;SEASHELLS;4965.0;2
155500;SUBMISSION;;AMETHYSTS;SEASHELLS;9998.0;1
155500;;SUBMISSION;STARFRUIT;SEASHELLS;4965.0;1
155700;;;STARFRUIT;SEASHELLS;4968.0;1
155700;;SUBMISSION;AMETHYSTS;SEASHELLS;10002.0;1
156200;SUBMISSION;;STARFRUIT;SEASHELLS;4964.0;7
156400;;SUBMISSION;AMETHYSTS;SEASHELLS;10002.0;1
156500;;;AMETHYSTS;SEASHELLS;10002.0;3
156600;SUBMISSION;;STARFRUIT;SEASHELLS;4963.0;1
156600;SUBMISSION;;AMETHYSTS;SEASHELLS;9998.0;2
156600;SUBMISSION;;STARFRUIT;SEASHELLS;4964.0;2
156900;SUBMISSION;;STARFRUIT;SEASHELLS;4964.0;5
156900;;;STARFRUIT;SEASHELLS;4963.0;1
157000;;;STARFRUIT;SEASHELLS;4963.0;1
157100;SUBMISSION;;AMETHYSTS;SEASHELLS;9998.0;1
157200;;SUBMISSION;STARFRUIT;SEASHELLS;4965.0;1
157300;;SUBMISSION;STARFRUIT;SEASHELLS;4965.0;8
157300;;;STARFRUIT;SEASHELLS;4966.0;4
157400;;;AMETHYSTS;SEASHELLS;10002.0;10
157400;;;STARFRUIT;SEASHELLS;4964.0;2
157400;;SUBMISSION;AMETHYSTS;SEASHELLS;10002.0;1
157500;;;STARFRUIT;SEASHELLS;4964.0;1
157600;;SUBMISSION;STARFRUIT;SEASHELLS;4965.0;4
157700;;SUBMISSION;STARFRUIT;SEASHELLS;4970.0;1
157800;;SUBMISSION;STARFRUIT;SEASHELLS;4966.0;1
158100;;;STARFRUIT;SEASHELLS;4966.0;1
158200;;SUBMISSION;AMETHYSTS;SEASHELLS;10002.0;1
158300;;;AMETHYSTS;SEASHELLS;9998.0;7
158300;SUBMISSION;;AMETHYSTS;SEASHELLS;9998.0;5
158400;SUBMISSION;;AMETHYSTS;SEASHELLS;9998.0;5
158800;;;STARFRUIT;SEASHELLS;4969.0;1
159200;SUBMISSION;;AMETHYSTS;SEASHELLS;9997.0;3
159300;SUBMISSION;;STARFRUIT;SEASHELLS;4965.0;1
160000;;SUBMISSION;AMETHYSTS;SEASHELLS;10001.0;2
160000;;;STARFRUIT;SEASHELLS;4970.0;2
160100;SUBMISSION;;STARFRUIT;SEASHELLS;4967.0;11
160300;;;AMETHYSTS;SEASHELLS;9998.0;1
160400;;;STARFRUIT;SEASHELLS;4968.0;1
160400;;;AMETHYSTS;SEASHELLS;9998.0;1
160500;;;STARFRUIT;SEASHELLS;4969.0;13
160600;;SUBMISSION;AMETHYSTS;SEASHELLS;10002.0;1
160800;;SUBMISSION;AMETHYSTS;SEASHELLS;10002.0;2
161000;SUBMISSION;;STARFRUIT;SEASHELLS;4963.0;8
161600;SUBMISSION;;AMETHYSTS;SEASHELLS;9998.0;1
162400;SUBMISSION;;STARFRUIT;SEASHELLS;4964.0;4
162600;;;STARFRUIT;SEASHELLS;4967.0;1
162900;SUBMISSION;;AMETHYSTS;SEASHELLS;9998.0;4
163500;;SUBMISSION;AMETHYSTS;SEASHELLS;10002.0;3
163500;;;STARFRUIT;SEASHELLS;4967.0;2
163800;;;STARFRUIT;SEASHELLS;4964.0;1
163800;;SUBMISSION;STARFRUIT;SEASHELLS;4968.0;7
163900;SUBMISSION;;AMETHYSTS;SEASHELLS;9997.0;2
163900;SUBMISSION;;STARFRUIT;SEASHELLS;4964.0;2
164600;;SUBMISSION;STARFRUIT;SEASHELLS;4968.0;1
164600;SUBMISSION;;STARFRUIT;SEASHELLS;4963.0;11
164600;;;STARFRUIT;SEASHELLS;4963.0;1
164800;;SUBMISSION;AMETHYSTS;SEASHELLS;10001.0;8
165000;;SUBMISSION;STARFRUIT;SEASHELLS;4968.0;1
165100;;SUBMISSION;STARFRUIT;SEASHELLS;4968.0;1
165200;;SUBMISSION;STARFRUIT;SEASHELLS;4966.0;9
165200;;;STARFRUIT;SEASHELLS;4966.0;6
165600;SUBMISSION;;AMETHYSTS;SEASHELLS;9998.0;1
165700;;SUBMISSION;STARFRUIT;SEASHELLS;4968.0;1
165900;SUBMISSION;;AMETHYSTS;SEASHELLS;9998.0;1
166000;;SUBMISSION;STARFRUIT;SEASHELLS;4968.0;1
166200;SUBMISSION;;STARFRUIT;SEASHELLS;4963.0;3
166200;SUBMISSION;;AMETHYSTS;SEASHELLS;9998.0;1
166400;;;AMETHYSTS;SEASHELLS;9998.0;1
167000;;;STARFRUIT;SEASHELLS;4963.0;5
167100;SUBMISSION;;AMETHYSTS;SEASHELLS;9998.0;6
167300;;;STARFRUIT;SEASHELLS;4961.0;11
167800;;;AMETHYSTS;SEASHELLS;9998.0;1
167800;;SUBMISSION;STARFRUIT;SEASHELLS;4966.0;1
167900;;;AMETHYSTS;SEASHELLS;9998.0;1
168000;;SUBMISSION;AMETHYSTS;SEASHELLS;10001.0;8
168100;SUBMISSION;;AMETHYSTS;SEASHELLS;9998.0;1
168500;;SUBMISSION;AMETHYSTS;SEASHELLS;10002.0;1
169000;;SUBMISSION;STARFRUIT;SEASHELLS;4963.0;5
169200;;SUBMISSION;STARFRUIT;SEASHELLS;4964.0;1
169500;;SUBMISSION;STARFRUIT;SEASHELLS;4965.0;1
169600;;SUBMISSION;STARFRUIT;SEASHELLS;4962.0;7
169700;;SUBMISSION;STARFRUIT;SEASHELLS;4962.0;2
169800;;SUBMISSION;STARFRUIT;SEASHELLS;4963.0;1
169900;;;STARFRUIT;SEASHELLS;4960.0;1
170200;;;AMETHYSTS;SEASHELLS;10002.0;3
170200;;;STARFRUIT;SEASHELLS;4961.0;1
170400;;;STARFRUIT;SEASHELLS;4965.0;10
170400;;SUBMISSION;AMETHYSTS;SEASHELLS;10002.0;11
171000;SUBMISSION;;STARFRUIT;SEASHELLS;4960.0;3
171100;;SUBMISSION;AMETHYSTS;SEASHELLS;10002.0;3
171100;;;AMETHYSTS;SEASHELLS;10002.0;1
171400;;SUBMISSION;AMETHYSTS;SEASHELLS;10002.0;5
171500;;SUBMISSION;AMETHYSTS;SEASHELLS;10002.0;1
171600;SUBMISSION;;AMETHYSTS;SEASHELLS;9998.0;1
171600;SUBMISSION;;STARFRUIT;SEASHELLS;4961.0;4
171600;SUBMISSION;;AMETHYSTS;SEASHELLS;9998.0;10
171900;SUBMISSION;;STARFRUIT;SEASHELLS;4960.0;1
171900;;SUBMISSION;AMETHYSTS;SEASHELLS;10002.0;1
171900;SUBMISSION;;AMETHYSTS;SEASHELLS;9998.0;1
172100;;SUBMISSION;AMETHYSTS;SEASHELLS;10002.0;1
172600;SUBMISSION;;AMETHYSTS;SEASHELLS;9998.0;2
172600;;;STARFRUIT;SEASHELLS;4959.0;2
172700;SUBMISSION;;AMETHYSTS;SEASHELLS;9998.0;3
173400;;;AMETHYSTS;SEASHELLS;10002.0;1
173400;;;STARFRUIT;SEASHELLS;4959.0;2
173400;SUBMISSION;;AMETHYSTS;SEASHELLS;9998.0;2
173500;SUBMISSION;;AMETHYSTS;SEASHELLS;9998.0;3
173500;;SUBMISSION;STARFRUIT;SEASHELLS;4961.0;4
173700;;SUBMISSION;STARFRUIT;SEASHELLS;4965.0;1
173800;;;STARFRUIT;SEASHELLS;4966.0;1
173800;;SUBMISSION;STARFRUIT;SEASHELLS;4964.0;2
173900;;SUBMISSION;AMETHYSTS;SEASHELLS;10002.0;9
173900;;SUBMISSION;STARFRUIT;SEASHELLS;4965.0;1
174000;;;AMETHYSTS;SEASHELLS;9998.0;1
174000;SUBMISSION;;STARFRUIT;SEASHELLS;4960.0;1
174200;SUBMISSION;;STARFRUIT;SEASHELLS;4962.0;11
174300;;;AMETHYSTS;SEASHELLS;10002.0;1
174300;SUBMISSION;;STARFRUIT;SEASHELLS;4962.0;7
174400;;;STARFRUIT;SEASHELLS;4958.0;1
175800;;SUBMISSION;STARFRUIT;SEASHELLS;4961.0;1
175800;;SUBMISSION;AMETHYSTS;SEASHELLS;10002.0;1
175900;;SUBMISSION;STARFRUIT;SEASHELLS;4961.0;8
176000;;;STARFRUIT;SEASHELLS;4957.0;1
176000;;SUBMISSION;AMETHYSTS;SEASHELLS;10002.0;1
176000;;SUBMISSION;STARFRUIT;SEASHELLS;4960.0;4
176000;SUBMISSION;;AMETHYSTS;SEASHELLS;9998.0;1
176000;;;STARFRUIT;SEASHELLS;4958.0;1
176100;;SUBMISSION;STARFRUIT;SEASHELLS;4960.0;2
176100;;SUBMISSION;AMETHYSTS;SEASHELLS;10002.0;2
176500;;SUBMISSION;STARFRUIT;SEASHELLS;4960.0;2
176600;;;STARFRUIT;SEASHELLS;4958.0;1
176700;;SUBMISSION;STARFRUIT;SEASHELLS;4960.0;1
176900;SUBMISSION;;STARFRUIT;SEASHELLS;4958.0;5
177400;;;STARFRUIT;SEASHELLS;4957.0;1
177500;;SUBMISSION;STARFRUIT;SEASHELLS;4960.0;3
177600;SUBMISSION;;AMETHYSTS;SEASHELLS;9998.0;1
177600;;SUBMISSION;STARFRUIT;SEASHELLS;4959.0;2
177700;;SUBMISSION;STARFRUIT;SEASHELLS;4960.0;1
177700;;;STARFRUIT;SEASHELLS;4957.0;1
177700;SUBMISSION;;AMETHYSTS;SEASHELLS;9998.0;1
177900;;;STARFRUIT;SEASHELLS;4956.0;14
177900;SUBMISSION;;AMETHYSTS;SEASHELLS;9998.0;12
178000;;;AMETHYSTS;SEASHELLS;9998.0;1
178200;;SUBMISSION;STARFRUIT;SEASHELLS;4959.0;1
178700;;;STARFRUIT;SEASHELLS;4957.0;1
178800;;;STARFRUIT;SEASHELLS;4963.0;5
178900;;;STARFRUIT;SEASHELLS;4957.0;1
179000;;SUBMISSION;AMETHYSTS;SEASHELLS;10002.0;2
179000;;;STARFRUIT;SEASHELLS;4963.0;1
179100;;;STARFRUIT;SEASHELLS;4957.0;1
179300;;;AMETHYSTS;SEASHELLS;9998.0;2
179600;;;AMETHYSTS;SEASHELLS;9998.0;4
179800;SUBMISSION;;AMETHYSTS;SEASHELLS;9998.0;8
179900;;;AMETHYSTS;SEASHELLS;9996.0;2
180000;;;STARFRUIT;SEASHELLS;4963.0;11
180100;;;AMETHYSTS;SEASHELLS;9998.0;3
180300;;;AMETHYSTS;SEASHELLS;9998.0;4
180500;;;STARFRUIT;SEASHELLS;4960.0;6
180500;;;AMETHYSTS;SEASHELLS;10002.0;3
180800;;;AMETHYSTS;SEASHELLS;10002.0;1
180900;;;STARFRUIT;SEASHELLS;4962.0;11
180900;;;AMETHYSTS;SEASHELLS;9998.0;1
181000;;;STARFRUIT;SEASHELLS;4962.0;1
181400;;SUBMISSION;AMETHYSTS;SEASHELLS;10001.0;2
181400;;;STARFRUIT;SEASHELLS;4963.0;2
181500;SUBMISSION;;STARFRUIT;SEASHELLS;4957.0;1
181500;;;AMETHYSTS;SEASHELLS;9998.0;2
181500;SUBMISSION;;STARFRUIT;SEASHELLS;4957.0;2
181600;;;STARFRUIT;SEASHELLS;4957.0;2
181700;;SUBMISSION;STARFRUIT;SEASHELLS;4960.0;1
181900;;SUBMISSION;AMETHYSTS;SEASHELLS;10002.0;1
182000;;SUBMISSION;AMETHYSTS;SEASHELLS;10002.0;1
182200;;SUBMISSION;STARFRUIT;SEASHELLS;4961.0;1
182300;SUBMISSION;;AMETHYSTS;SEASHELLS;9998.0;4
182400;;SUBMISSION;STARFRUIT;SEASHELLS;4959.0;1
182500;;SUBMISSION;AMETHYSTS;SEASHELLS;10002.0;4
182800;;;STARFRUIT;SEASHELLS;4957.0;1
183100;;;STARFRUIT;SEASHELLS;4963.0;1
183100;;SUBMISSION;AMETHYSTS;SEASHELLS;10002.0;2
183200;;;STARFRUIT;SEASHELLS;4957.0;9
183500;;;STARFRUIT;SEASHELLS;4962.0;1
183700;;;STARFRUIT;SEASHELLS;4963.0;8
183900;SUBMISSION;;AMETHYSTS;SEASHELLS;9998.0;6
184000;SUBMISSION;;STARFRUIT;SEASHELLS;4958.0;11
184100;;;STARFRUIT;SEASHELLS;4960.0;1
184600;SUBMISSION;;STARFRUIT;SEASHELLS;4957.0;1
184600;;;AMETHYSTS;SEASHELLS;9995.0;1
184800;;;AMETHYSTS;SEASHELLS;10002.0;3
184800;;SUBMISSION;AMETHYSTS;SEASHELLS;10002.0;5
184900;;SUBMISSION;AMETHYSTS;SEASHELLS;10002.0;1
185200;;SUBMISSION;STARFRUIT;SEASHELLS;4960.0;9
185200;;SUBMISSION;AMETHYSTS;SEASHELLS;10002.0;1
185400;SUBMISSION;;AMETHYSTS;SEASHELLS;9998.0;1
185400;SUBMISSION;;STARFRUIT;SEASHELLS;4956.0;1
185500;SUBMISSION;;AMETHYSTS;SEASHELLS;9998.0;1
185800;;;AMETHYSTS;SEASHELLS;9998.0;1
186000;;SUBMISSION;AMETHYSTS;SEASHELLS;10002.0;4
186100;;;STARFRUIT;SEASHELLS;4957.0;4
186100;;;STARFRUIT;SEASHELLS;4957.0;1
186200;;SUBMISSION;STARFRUIT;SEASHELLS;4959.0;2
186300;SUBMISSION;;STARFRUIT;SEASHELLS;4956.0;10
186300;;SUBMISSION;AMETHYSTS;SEASHELLS;10002.0;11
186400;SUBMISSION;;AMETHYSTS;SEASHELLS;9998.0;1
187000;;;STARFRUIT;SEASHELLS;4957.0;3
187300;;;STARFRUIT;SEASHELLS;4959.0;1
187400;;SUBMISSION;STARFRUIT;SEASHELLS;4960.0;1
187700;;;STARFRUIT;SEASHELLS;4961.0;15
187700;;;STARFRUIT;SEASHELLS;4955.0;1
187700;;;STARFRUIT;SEASHELLS;4959.0;8
188000;;SUBMISSION;AMETHYSTS;SEASHELLS;10002.0;1
188400;;;AMETHYSTS;SEASHELLS;9998.0;1
188400;SUBMISSION;;AMETHYSTS;SEASHELLS;9998.0;1
188500;;;AMETHYSTS;SEASHELLS;10002.0;1
189000;SUBMISSION;;STARFRUIT;SEASHELLS;4954.0;1
189200;;;STARFRUIT;SEASHELLS;4957.0;3
189300;;SUBMISSION;STARFRUIT;SEASHELLS;4959.0;1
189500;;SUBMISSION;STARFRUIT;SEASHELLS;4958.0;2
189500;;SUBMISSION;AMETHYSTS;SEASHELLS;10002.0;2
189500;SUBMISSION;;AMETHYSTS;SEASHELLS;9998.0;1
189500;;SUBMISSION;AMETHYSTS;SEASHELLS;10002.0;5
189800;;SUBMISSION;STARFRUIT;SEASHELLS;4958.0;2
189800;;SUBMISSION;AMETHYSTS;SEASHELLS;10002.0;2
189900;;;STARFRUIT;SEASHELLS;4959.0;1
190000;SUBMISSION;;STARFRUIT;SEASHELLS;4955.0;9
190300;;;STARFRUIT;SEASHELLS;4960.0;1
190600;;;STARFRUIT;SEASHELLS;4954.0;1
190700;;SUBMISSION;AMETHYSTS;SEASHELLS;10002.0;2
190700;SUBMISSION;;STARFRUIT;SEASHELLS;4955.0;10
190800;SUBMISSION;;AMETHYSTS;SEASHELLS;9998.0;5
190900;;SUBMISSION;STARFRUIT;SEASHELLS;4958.0;1
190900;;SUBMISSION;STARFRUIT;SEASHELLS;4959.0;1
190900;;SUBMISSION;AMETHYSTS;SEASHELLS;10002.0;1
191000;;;AMETHYSTS;SEASHELLS;10002.0;1
191200;;SUBMISSION;STARFRUIT;SEASHELLS;4957.0;8
191400;;;AMETHYSTS;SEASHELLS;9998.0;1
191500;SUBMISSION;;AMETHYSTS;SEASHELLS;9998.0;4
191700;;SUBMISSION;AMETHYSTS;SEASHELLS;10002.0;6
191700;;SUBMISSION;STARFRUIT;SEASHELLS;4956.0;7
191800;;SUBMISSION;STARFRUIT;SEASHELLS;4959.0;1
191800;;SUBMISSION;STARFRUIT;SEASHELLS;4956.0;3
192000;;;AMETHYSTS;SEASHELLS;10002.0;1
192000;;SUBMISSION;STARFRUIT;SEASHELLS;4956.0;1
192100;;SUBMISSION;STARFRUIT;SEASHELLS;4956.0;2
192100;SUBMISSION;;AMETHYSTS;SEASHELLS;9998.0;1
192200;;SUBMISSION;STARFRUIT;SEASHELLS;4957.0;1
192200;;;STARFRUIT;SEASHELLS;4954.0;5
192200;SUBMISSION;;AMETHYSTS;SEASHELLS;9998.0;2
192400;;;AMETHYSTS;SEASHELLS;9998.0;1
192400;;;STARFRUIT;SEASHELLS;4954.0;1
192500;SUBMISSION;;AMETHYSTS;SEASHELLS;9998.0;1
192600;;SUBMISSION;AMETHYSTS;SEASHELLS;10002.0;3
192700;SUBMISSION;;AMETHYSTS;SEASHELLS;9998.0;6
193300;;;AMETHYSTS;SEASHELLS;10002.0;1
193300;;SUBMISSION;AMETHYSTS;SEASHELLS;10002.0;4
193500;SUBMISSION;;AMETHYSTS;SEASHELLS;9998.0;1
193600;;;STARFRUIT;SEASHELLS;4960.0;14
193700;SUBMISSION;;AMETHYSTS;SEASHELLS;9998.0;1
193800;;;STARFRUIT;SEASHELLS;4958.0;1
194000;;;STARFRUIT;SEASHELLS;4952.0;1
194100;SUBMISSION;;AMETHYSTS;SEASHELLS;9998.0;1
194300;SUBMISSION;;STARFRUIT;SEASHELLS;4953.0;1
194400;;;AMETHYSTS;SEASHELLS;10002.0;2
194400;;;STARFRUIT;SEASHELLS;4958.0;2
194600;;;STARFRUIT;SEASHELLS;4951.0;1
195100;;SUBMISSION;AMETHYSTS;SEASHELLS;10002.0;1
195100;;;STARFRUIT;SEASHELLS;4951.0;8
195100;;;AMETHYSTS;SEASHELLS;10002.0;4
195700;;SUBMISSION;AMETHYSTS;SEASHELLS;10002.0;1
195800;;;STARFRUIT;SEASHELLS;4956.0;1
195800;;SUBMISSION;AMETHYSTS;SEASHELLS;10002.0;1
195900;SUBMISSION;;AMETHYSTS;SEASHELLS;9998.0;1
196000;;;AMETHYSTS;SEASHELLS;10002.0;1
196000;;SUBMISSION;AMETHYSTS;SEASHELLS;10002.0;2
196000;;SUBMISSION;STARFRUIT;SEASHELLS;4956.0;1
196500;;;STARFRUIT;SEASHELLS;4956.0;1
196800;SUBMISSION;;STARFRUIT;SEASHELLS;4954.0;12
197300;SUBMISSION;;AMETHYSTS;SEASHELLS;9998.0;2
197300;;SUBMISSION;AMETHYSTS;SEASHELLS;10002.0;1
197300;;SUBMISSION;STARFRUIT;SEASHELLS;4955.0;1
197400;;SUBMISSION;AMETHYSTS;SEASHELLS;10002.0;1
197400;;SUBMISSION;STARFRUIT;SEASHELLS;4955.0;1
197500;;;STARFRUIT;SEASHELLS;4951.0;1
197700;;;AMETHYSTS;SEASHELLS;10002.0;2
197700;;SUBMISSION;STARFRUIT;SEASHELLS;4953.0;2
198500;;SUBMISSION;AMETHYSTS;SEASHELLS;10002.0;2
198500;;SUBMISSION;STARFRUIT;SEASHELLS;4954.0;1
198500;SUBMISSION;;AMETHYSTS;SEASHELLS;9998.0;10
198500;;SUBMISSION;STARFRUIT;SEASHELLS;4953.0;2
198800;;;STARFRUIT;SEASHELLS;4949.0;1
198900;;;STARFRUIT;SEASHELLS;4950.0;5
198900;;SUBMISSION;AMETHYSTS;SEASHELLS;10002.0;1
199000;;;STARFRUIT;SEASHELLS;4948.0;2
199000;SUBMISSION;;AMETHYSTS;SEASHELLS;9998.0;2
199100;;;STARFRUIT;SEASHELLS;4948.0;1
199200;;SUBMISSION;STARFRUIT;SEASHELLS;4952.0;2
199200;;;STARFRUIT;SEASHELLS;4950.0;2
199400;;SUBMISSION;AMETHYSTS;SEASHELLS;10002.0;1
199400;;;STARFRUIT;SEASHELLS;4950.0;2
199400;;;STARFRUIT;SEASHELLS;4950.0;3
199400;;;STARFRUIT;SEASHELLS;4950.0;1
199400;;;STARFRUIT;SEASHELLS;4954.0;1
199500;;SUBMISSION;AMETHYSTS;SEASHELLS;10002.0;1
199600;;;STARFRUIT;SEASHELLS;4953.0;1
199600;;SUBMISSION;STARFRUIT;SEASHELLS;4953.0;1
199600;;;AMETHYSTS;SEASHELLS;10002.0;2
