day;timestamp;buyer;seller;currency;price;quantity
0;20011.0;Ruby;Vinnie;SEASHELLS;71360.0;2
0;20036.0;Rhianna;Vinnie;SEASHELLS;71340.0;2
0;20039.0;Rhianna;Vinnie;SEASHELLS;71339.0;1
0;20096.0;Vinnie;Ruby;SEASHELLS;71386.0;1
0;20131.0;Ruby;Vladimir;SEASHELLS;71400.0;9
0;20140.0;Vladimir;Ruby;SEASHELLS;71382.0;9
0;20144.0;Rhianna;Vladimir;SEASHELLS;71405.0;5
0;20170.0;Ruby;Vinnie;SEASHELLS;71391.0;1
0;20174.0;Rhianna;Vladimir;SEASHELLS;71364.0;3
0;20177.0;Vladimir;Ruby;SEASHELLS;71338.0;6
0;20211.0;Ruby;Vladimir;SEASHELLS;71400.0;10
0;20219.0;Vladimir;Rhianna;SEASHELLS;71403.0;4
0;20219.0;Vladimir;Ruby;SEASHELLS;71403.0;5
0;20219.0;Vinnie;Rhianna;SEASHELLS;71404.0;1
0;20226.0;Vladimir;Ruby;SEASHELLS;71364.0;9
0;20235.0;Vladimir;Ruby;SEASHELLS;71386.0;6
0;20258.0;Rhianna;Vinnie;SEASHELLS;71425.0;1
0;20278.0;Vinnie;Rhianna;SEASHELLS;71402.0;2
0;20278.0;Vladimir;Rhianna;SEASHELLS;71402.0;4
0;20300.0;Ruby;Vinnie;SEASHELLS;71402.0;1
0;20302.0;Ruby;Vladimir;SEASHELLS;71402.0;6
0;20312.0;Vinnie;Ruby;SEASHELLS;71426.0;1
0;20319.0;Rhianna;Vladimir;SEASHELLS;71422.0;4
0;20348.0;Vladimir;Ruby;SEASHELLS;71398.0;7
0;20370.0;Ruby;Vinnie;SEASHELLS;71390.0;2
0;20397.0;Vladimir;Rhianna;SEASHELLS;71411.0;4
0;20401.0;Rhianna;Vladimir;SEASHELLS;71410.0;2
0;20402.0;Ruby;Vladimir;SEASHELLS;71432.0;8
0;20408.0;Vinnie;Ruby;SEASHELLS;71420.0;2
0;20416.0;Vladimir;Ruby;SEASHELLS;71429.0;6
0;20451.0;Vladimir;Rhianna;SEASHELLS;71422.0;1
0;20451.0;Vinnie;Rhianna;SEASHELLS;71423.0;1
0;20463.0;Rhianna;Vladimir;SEASHELLS;71489.0;5
0;20485.0;Vladimir;Ruby;SEASHELLS;71438.0;10
0;20543.0;Vinnie;Rhianna;SEASHELLS;71248.0;1
0;20543.0;Vladimir;Rhianna;SEASHELLS;71247.0;5
0;20565.0;Vladimir;Rhianna;SEASHELLS;71201.0;8
0;20576.0;Vinnie;Rhianna;SEASHELLS;71205.0;4
0;20576.0;Vinnie;Rhianna;SEASHELLS;71200.0;1
0;20576.0;Vladimir;Rhianna;SEASHELLS;71199.0;2
0;20577.0;Vladimir;Rhianna;SEASHELLS;71201.0;6
0;20582.0;Vladimir;Rhianna;SEASHELLS;71195.0;6
0;20582.0;Vinnie;Rhianna;SEASHELLS;71196.0;1
0;20590.0;Ruby;Vladimir;SEASHELLS;71207.0;5
0;20615.0;Ruby;Vinnie;SEASHELLS;71240.0;2
0;20625.0;Ruby;Vladimir;SEASHELLS;71284.0;9
0;20639.0;Vinnie;Rhianna;SEASHELLS;71298.0;2
0;20666.0;Vinnie;Rhianna;SEASHELLS;71293.0;2
0;20666.0;Vladimir;Rhianna;SEASHELLS;71292.0;6
0;20668.0;Ruby;Vladimir;SEASHELLS;71295.0;5
0;20672.0;Vinnie;Rhianna;SEASHELLS;71282.0;1
0;20683.0;Vinnie;Rhianna;SEASHELLS;71256.0;2
0;20683.0;Vladimir;Rhianna;SEASHELLS;71255.0;4
0;20697.0;Vinnie;Rhianna;SEASHELLS;71295.0;1
0;20697.0;Vladimir;Rhianna;SEASHELLS;71294.0;4
0;20725.0;Ruby;Vladimir;SEASHELLS;71265.0;9
0;20729.0;Vladimir;Rhianna;SEASHELLS;71240.0;2
0;20749.0;Rhianna;Vinnie;SEASHELLS;71271.0;2
0;20749.0;Rhianna;Vladimir;SEASHELLS;71271.0;4
0;20776.0;Vladimir;Rhianna;SEASHELLS;71212.0;4
0;20776.0;Vinnie;Rhianna;SEASHELLS;71213.0;2
0;20798.0;Rhianna;Vinnie;SEASHELLS;71178.0;2
0;20839.0;Vladimir;Ruby;SEASHELLS;71161.0;10
0;20861.0;Vinnie;Ruby;SEASHELLS;71109.0;1
0;20887.0;Ruby;Vinnie;SEASHELLS;71126.0;1
0;20953.0;Vinnie;Rhianna;SEASHELLS;71150.0;1
0;20953.0;Vladimir;Rhianna;SEASHELLS;71150.0;5
0;20964.0;Vladimir;Ruby;SEASHELLS;71178.0;5
0;20971.0;Vinnie;Ruby;SEASHELLS;71193.0;2
0;20980.0;Vladimir;Ruby;SEASHELLS;71211.0;9
0;21014.0;Ruby;Vladimir;SEASHELLS;71261.0;6
0;21039.0;Rhianna;Vinnie;SEASHELLS;71257.0;2
0;21039.0;Rhianna;Vladimir;SEASHELLS;71257.0;6
0;21097.0;Rhianna;Vladimir;SEASHELLS;71315.0;4
0;21147.0;Vinnie;Rhianna;SEASHELLS;71351.0;1
0;21151.0;Rhianna;Vinnie;SEASHELLS;71392.0;2
0;21157.0;Ruby;Vinnie;SEASHELLS;71384.0;1
0;21165.0;Vinnie;Ruby;SEASHELLS;71361.0;2
0;21195.0;Rhianna;Vinnie;SEASHELLS;71336.0;2
0;21213.0;Vladimir;Rhianna;SEASHELLS;71290.0;2
0;21243.0;Vinnie;Ruby;SEASHELLS;71295.0;2
0;21245.0;Rhianna;Vinnie;SEASHELLS;71290.0;1
0;21245.0;Rhianna;Vladimir;SEASHELLS;71296.0;1
0;21313.0;Rhianna;Vinnie;SEASHELLS;71356.0;1
0;21336.0;Vladimir;Rhianna;SEASHELLS;71401.0;7
0;21337.0;Vinnie;Ruby;SEASHELLS;71414.0;2
0;21359.0;Rhianna;Vinnie;SEASHELLS;71336.0;2
0;21359.0;Vinnie;Ruby;SEASHELLS;71325.0;2
0;21359.0;Rhianna;Vladimir;SEASHELLS;71336.0;5
0;21375.0;Vladimir;Ruby;SEASHELLS;71305.0;7
0;21384.0;Ruby;Vladimir;SEASHELLS;71326.0;8
0;21388.0;Vladimir;Ruby;SEASHELLS;71331.0;7
0;21388.0;Vinnie;Rhianna;SEASHELLS;71332.0;2
0;21455.0;Vinnie;Rhianna;SEASHELLS;71442.0;1
0;21455.0;Vladimir;Rhianna;SEASHELLS;71442.0;7
0;21461.0;Ruby;Vinnie;SEASHELLS;71449.0;2
0;21488.0;Vladimir;Rhianna;SEASHELLS;71401.0;2
0;21516.0;Vinnie;Ruby;SEASHELLS;71449.0;2
0;21517.0;Vinnie;Ruby;SEASHELLS;71433.0;1
0;21527.0;Ruby;Vinnie;SEASHELLS;71448.0;1
0;21536.0;Vladimir;Rhianna;SEASHELLS;71439.0;6
0;21587.0;Rhianna;Vinnie;SEASHELLS;71449.0;1
0;21587.0;Rhianna;Vladimir;SEASHELLS;71449.0;1
0;21589.0;Ruby;Vinnie;SEASHELLS;71452.0;1
0;21613.0;Vinnie;Rhianna;SEASHELLS;71444.0;2
0;21639.0;Vinnie;Rhianna;SEASHELLS;71407.0;2
0;21639.0;Vladimir;Rhianna;SEASHELLS;71407.0;1
0;21653.0;Ruby;Vinnie;SEASHELLS;71380.0;1
0;21657.0;Vladimir;Ruby;SEASHELLS;71386.0;8
0;21720.0;Vladimir;Rhianna;SEASHELLS;71311.0;5
0;21773.0;Vinnie;Ruby;SEASHELLS;71260.0;2
0;21777.0;Vladimir;Ruby;SEASHELLS;71266.0;7
0;21793.0;Vinnie;Ruby;SEASHELLS;71239.0;1
0;21827.0;Ruby;Vinnie;SEASHELLS;71286.0;2
0;21842.0;Vladimir;Rhianna;SEASHELLS;71299.0;2
0;21847.0;Ruby;Vinnie;SEASHELLS;71318.0;2
0;21879.0;Ruby;Vladimir;SEASHELLS;71372.0;10
0;21886.0;Ruby;Vladimir;SEASHELLS;71339.0;10
0;21900.0;Rhianna;Vladimir;SEASHELLS;71377.0;4
0;21900.0;Rhianna;Vinnie;SEASHELLS;71377.0;2
0;21930.0;Vladimir;Rhianna;SEASHELLS;71350.0;2
0;21944.0;Vinnie;Rhianna;SEASHELLS;71284.0;1
0;21944.0;Vladimir;Rhianna;SEASHELLS;71283.0;2
0;21954.0;Vladimir;Rhianna;SEASHELLS;71272.0;4
0;21954.0;Vinnie;Rhianna;SEASHELLS;71273.0;1
0;21980.0;Ruby;Vinnie;SEASHELLS;71301.0;2
0;21987.0;Vinnie;Ruby;SEASHELLS;71277.0;1
0;22061.0;Vladimir;Ruby;SEASHELLS;71256.0;9
0;22066.0;Vladimir;Vinnie;SEASHELLS;71266.0;1
0;22073.0;Vladimir;Ruby;SEASHELLS;71197.0;8
0;22079.0;Vladimir;Rhianna;SEASHELLS;71191.0;8
0;22082.0;Vinnie;Rhianna;SEASHELLS;71206.0;1
0;22088.0;Vinnie;Ruby;SEASHELLS;71192.0;2
0;22109.0;Vinnie;Ruby;SEASHELLS;71170.0;1
0;22145.0;Rhianna;Vinnie;SEASHELLS;71226.0;1
0;22208.0;Vinnie;Ruby;SEASHELLS;71085.0;5
0;22212.0;Vinnie;Ruby;SEASHELLS;71071.0;2
0;22229.0;Vladimir;Ruby;SEASHELLS;71097.0;5
0;22248.0;Ruby;Vinnie;SEASHELLS;71118.0;2
0;22251.0;Vinnie;Rhianna;SEASHELLS;71092.0;1
0;22251.0;Vladimir;Rhianna;SEASHELLS;71091.0;6
0;22269.0;Ruby;Vinnie;SEASHELLS;71135.0;1
0;22270.0;Vladimir;Rhianna;SEASHELLS;71120.0;7
0;22270.0;Vinnie;Rhianna;SEASHELLS;71120.0;1
0;22279.0;Vinnie;Ruby;SEASHELLS;71095.0;1
0;22298.0;Vinnie;Ruby;SEASHELLS;71078.0;2
0;22322.0;Vinnie;Ruby;SEASHELLS;70995.0;1
0;22324.0;Vladimir;Rhianna;SEASHELLS;70982.0;3
0;22334.0;Vinnie;Rhianna;SEASHELLS;70962.0;1
0;22334.0;Vladimir;Rhianna;SEASHELLS;70961.0;1
0;22345.0;Vinnie;Ruby;SEASHELLS;70997.0;1
0;22381.0;Ruby;Vinnie;SEASHELLS;71005.0;1
0;22383.0;Ruby;Vinnie;SEASHELLS;70992.0;2
0;22410.0;Rhianna;Vinnie;SEASHELLS;71014.0;1
0;22441.0;Vinnie;Rhianna;SEASHELLS;70987.0;2
0;22478.0;Ruby;Vinnie;SEASHELLS;70968.0;6
0;22480.0;Vinnie;Rhianna;SEASHELLS;70979.0;2
0;22538.0;Ruby;Vinnie;SEASHELLS;70979.0;1
0;22544.0;Vladimir;Ruby;SEASHELLS;71003.0;9
0;22556.0;Ruby;Vladimir;SEASHELLS;71061.0;5
0;22567.0;Rhianna;Vinnie;SEASHELLS;71058.0;1
0;22582.0;Vladimir;Vinnie;SEASHELLS;71024.0;1
0;22608.0;Ruby;Vladimir;SEASHELLS;71051.0;5
0;22611.0;Vladimir;Rhianna;SEASHELLS;71026.0;2
0;22662.0;Vinnie;Rhianna;SEASHELLS;71044.0;1
0;22662.0;Vladimir;Rhianna;SEASHELLS;71043.0;4
0;22663.0;Ruby;Vinnie;SEASHELLS;71058.0;2
0;22722.0;Vinnie;Rhianna;SEASHELLS;71020.0;1
0;22722.0;Vladimir;Rhianna;SEASHELLS;71019.0;6
0;22798.0;Rhianna;Vinnie;SEASHELLS;70929.0;2
0;22798.0;Rhianna;Vladimir;SEASHELLS;70929.0;2
0;22818.0;Vinnie;Ruby;SEASHELLS;70850.0;2
0;22885.0;Ruby;Vinnie;SEASHELLS;70910.0;2
0;22887.0;Rhianna;Vinnie;SEASHELLS;70909.0;6
0;22892.0;Vladimir;Rhianna;SEASHELLS;70895.0;4
0;22901.0;Rhianna;Vinnie;SEASHELLS;70871.0;1
0;22901.0;Rhianna;Vladimir;SEASHELLS;70871.0;7
0;22926.0;Rhianna;Vladimir;SEASHELLS;70869.0;5
0;22926.0;Rhianna;Vinnie;SEASHELLS;70869.0;1
0;22947.0;Ruby;Vinnie;SEASHELLS;70906.0;1
0;22995.0;Ruby;Vinnie;SEASHELLS;70915.0;1
0;23017.0;Rhianna;Vladimir;SEASHELLS;70901.0;7
0;23023.0;Ruby;Vinnie;SEASHELLS;70886.0;1
0;23031.0;Rhianna;Vinnie;SEASHELLS;70934.0;1
0;23073.0;Vladimir;Ruby;SEASHELLS;70930.0;5
0;23115.0;Vinnie;Rhianna;SEASHELLS;70974.0;1
0;23115.0;Vladimir;Rhianna;SEASHELLS;70973.0;3
0;23128.0;Vinnie;Rhianna;SEASHELLS;70987.0;5
0;23128.0;Vinnie;Rhianna;SEASHELLS;70982.0;1
0;23167.0;Ruby;Vinnie;SEASHELLS;71118.0;2
0;23179.0;Vladimir;Rhianna;SEASHELLS;71141.0;1
0;23179.0;Vinnie;Rhianna;SEASHELLS;71142.0;1
0;23183.0;Rhianna;Vladimir;SEASHELLS;71152.0;6
0;23202.0;Vinnie;Ruby;SEASHELLS;71161.0;1
0;23250.0;Rhianna;Vladimir;SEASHELLS;71311.0;1
0;23250.0;Rhianna;Vinnie;SEASHELLS;71311.0;2
0;23271.0;Ruby;Vladimir;SEASHELLS;71280.0;5
0;23329.0;Ruby;Vinnie;SEASHELLS;71321.0;2
0;23330.0;Vladimir;Rhianna;SEASHELLS;71312.0;3
0;23330.0;Vinnie;Rhianna;SEASHELLS;71313.0;1
0;23364.0;Vinnie;Ruby;SEASHELLS;71314.0;2
0;23383.0;Ruby;Vinnie;SEASHELLS;71275.0;2
0;23390.0;Vinnie;Ruby;SEASHELLS;71257.0;2
0;23392.0;Vladimir;Rhianna;SEASHELLS;71251.0;2
0;23398.0;Vladimir;Ruby;SEASHELLS;71290.0;7
0;23453.0;Rhianna;Vinnie;SEASHELLS;71250.0;2
0;23453.0;Rhianna;Vladimir;SEASHELLS;71250.0;3
0;23491.0;Rhianna;Vladimir;SEASHELLS;71308.0;6
0;23539.0;Rhianna;Vladimir;SEASHELLS;71239.0;3
0;23539.0;Rhianna;Vinnie;SEASHELLS;71239.0;2
0;23563.0;Ruby;Vinnie;SEASHELLS;71166.0;2
0;23580.0;Rhianna;Vinnie;SEASHELLS;71191.0;2
0;23587.0;Rhianna;Vinnie;SEASHELLS;71168.0;2
0;23587.0;Rhianna;Vladimir;SEASHELLS;71168.0;3
0;23594.0;Vladimir;Rhianna;SEASHELLS;71159.0;1
0;23594.0;Vinnie;Rhianna;SEASHELLS;71165.0;4
0;23606.0;Vinnie;Rhianna;SEASHELLS;71177.0;1
0;23606.0;Vladimir;Rhianna;SEASHELLS;71177.0;3
0;23635.0;Rhianna;Vinnie;SEASHELLS;71160.0;1
0;23635.0;Rhianna;Vladimir;SEASHELLS;71160.0;3
0;23647.0;Ruby;Vinnie;SEASHELLS;71175.0;2
0;23658.0;Vinnie;Rhianna;SEASHELLS;71169.0;4
0;23691.0;Vinnie;Rhianna;SEASHELLS;71250.0;1
0;23691.0;Vinnie;Rhianna;SEASHELLS;71255.0;1
0;23714.0;Vinnie;Ruby;SEASHELLS;71324.0;1
0;23743.0;Vinnie;Rhianna;SEASHELLS;71342.0;1
0;23743.0;Vladimir;Rhianna;SEASHELLS;71341.0;4
0;23752.0;Vinnie;Ruby;SEASHELLS;71331.0;5
0;23792.0;Ruby;Vinnie;SEASHELLS;71186.0;1
0;23843.0;Ruby;Vladimir;SEASHELLS;71259.0;10
0;23871.0;Vladimir;Rhianna;SEASHELLS;71236.0;4
0;23871.0;Vinnie;Rhianna;SEASHELLS;71237.0;2
0;23914.0;Vinnie;Rhianna;SEASHELLS;71276.0;8
0;23918.0;Vinnie;Ruby;SEASHELLS;71266.0;2
0;23968.0;Vladimir;Rhianna;SEASHELLS;71200.0;4
0;23985.0;Vladimir;Vinnie;SEASHELLS;71204.0;1
0;23988.0;Vinnie;Rhianna;SEASHELLS;71208.0;2
0;24004.0;Rhianna;Vladimir;SEASHELLS;71183.0;4
0;24008.0;Ruby;Vinnie;SEASHELLS;71220.0;2
0;24054.0;Vladimir;Rhianna;SEASHELLS;71121.0;2
0;24100.0;Rhianna;Vladimir;SEASHELLS;71113.0;5
0;24100.0;Rhianna;Vinnie;SEASHELLS;71113.0;2
0;24102.0;Ruby;Vinnie;SEASHELLS;71109.0;2
0;24121.0;Rhianna;Vinnie;SEASHELLS;71075.0;2
0;24121.0;Rhianna;Vinnie;SEASHELLS;71081.0;1
0;24130.0;Vinnie;Rhianna;SEASHELLS;71084.0;2
0;24151.0;Vinnie;Rhianna;SEASHELLS;71083.0;1
0;24151.0;Vladimir;Rhianna;SEASHELLS;71082.0;7
0;24162.0;Vinnie;Rhianna;SEASHELLS;71092.0;7
0;24162.0;Vladimir;Rhianna;SEASHELLS;71086.0;1
0;24221.0;Ruby;Vladimir;SEASHELLS;71220.0;8
0;24225.0;Ruby;Vinnie;SEASHELLS;71218.0;2
0;24272.0;Rhianna;Vinnie;SEASHELLS;71183.0;1
0;24272.0;Rhianna;Vinnie;SEASHELLS;71177.0;6
0;24350.0;Rhianna;Vinnie;SEASHELLS;71223.0;2
0;24356.0;Ruby;Vinnie;SEASHELLS;71245.0;2
0;24379.0;Vladimir;Rhianna;SEASHELLS;71238.0;3
0;24383.0;Ruby;Vinnie;SEASHELLS;71275.0;2
0;24407.0;Vinnie;Rhianna;SEASHELLS;71267.0;2
0;24407.0;Vladimir;Rhianna;SEASHELLS;71266.0;2
0;24414.0;Vladimir;Rhianna;SEASHELLS;71288.0;6
0;24426.0;Vinnie;Ruby;SEASHELLS;71256.0;1
0;24432.0;Vladimir;Rhianna;SEASHELLS;71246.0;6
0;24432.0;Vinnie;Rhianna;SEASHELLS;71247.0;1
0;24468.0;Vladimir;Rhianna;SEASHELLS;71260.0;2
0;24468.0;Vinnie;Rhianna;SEASHELLS;71260.0;1
0;24481.0;Vladimir;Rhianna;SEASHELLS;71253.0;2
0;24481.0;Vinnie;Rhianna;SEASHELLS;71254.0;1
0;24509.0;Vinnie;Ruby;SEASHELLS;71228.0;2
0;24524.0;Vladimir;Rhianna;SEASHELLS;71257.0;6
0;24528.0;Vinnie;Rhianna;SEASHELLS;71269.0;1
0;24545.0;Rhianna;Vinnie;SEASHELLS;71271.0;1
0;24571.0;Vinnie;Rhianna;SEASHELLS;71267.0;2
0;24571.0;Vladimir;Rhianna;SEASHELLS;71266.0;5
0;24574.0;Rhianna;Vinnie;SEASHELLS;71259.0;1
0;24649.0;Vladimir;Rhianna;SEASHELLS;71194.0;4
0;24660.0;Vinnie;Ruby;SEASHELLS;71192.0;2
0;24688.0;Vladimir;Ruby;SEASHELLS;71214.0;5
0;24711.0;Rhianna;Vinnie;SEASHELLS;71194.0;1
0;24764.0;Rhianna;Vladimir;SEASHELLS;71264.0;7
0;24799.0;Ruby;Vinnie;SEASHELLS;71314.0;1
0;24808.0;Vinnie;Ruby;SEASHELLS;71331.0;2
0;24817.0;Vinnie;Ruby;SEASHELLS;71350.0;1
0;24827.0;Ruby;Vladimir;SEASHELLS;71374.0;5
0;24845.0;Vinnie;Ruby;SEASHELLS;71312.0;1
0;24871.0;Vinnie;Rhianna;SEASHELLS;71418.0;2
0;24871.0;Vladimir;Rhianna;SEASHELLS;71417.0;1
0;24894.0;Vladimir;Ruby;SEASHELLS;71488.0;10
0;24927.0;Vladimir;Vinnie;SEASHELLS;71517.0;1
0;24942.0;Vinnie;Ruby;SEASHELLS;71495.0;2
0;24971.0;Vladimir;Ruby;SEASHELLS;71537.0;9
0;24973.0;Vladimir;Rhianna;SEASHELLS;71541.0;2
0;24976.0;Rhianna;Vladimir;SEASHELLS;71562.0;5
0;25004.0;Ruby;Vinnie;SEASHELLS;71545.0;2
0;25025.0;Vinnie;Ruby;SEASHELLS;71477.0;2
0;25051.0;Rhianna;Vladimir;SEASHELLS;71480.0;2
0;25095.0;Vinnie;Rhianna;SEASHELLS;71476.0;1
0;25095.0;Vladimir;Rhianna;SEASHELLS;71475.0;7
0;25095.0;Ruby;Vinnie;SEASHELLS;71481.0;6
0;25156.0;Vinnie;Rhianna;SEASHELLS;71356.0;2
0;25181.0;Vladimir;Rhianna;SEASHELLS;71398.0;4
0;25181.0;Vinnie;Rhianna;SEASHELLS;71399.0;2
0;25183.0;Vladimir;Rhianna;SEASHELLS;71382.0;4
0;25193.0;Vinnie;Ruby;SEASHELLS;71413.0;1
0;25206.0;Rhianna;Vladimir;SEASHELLS;71479.0;4
0;25206.0;Rhianna;Vinnie;SEASHELLS;71479.0;2
0;25263.0;Rhianna;Vladimir;SEASHELLS;71493.0;5
0;25263.0;Rhianna;Vinnie;SEASHELLS;71493.0;2
0;25264.0;Ruby;Vinnie;SEASHELLS;71488.0;2
0;25281.0;Vladimir;Rhianna;SEASHELLS;71535.0;6
0;25288.0;Ruby;Vinnie;SEASHELLS;71536.0;2
0;25337.0;Rhianna;Vinnie;SEASHELLS;71475.0;2
0;25337.0;Rhianna;Vladimir;SEASHELLS;71475.0;4
0;25344.0;Vladimir;Rhianna;SEASHELLS;71464.0;3
0;25344.0;Vinnie;Rhianna;SEASHELLS;71465.0;2
0;25363.0;Rhianna;Vinnie;SEASHELLS;71464.0;2
0;25365.0;Ruby;Vinnie;SEASHELLS;71479.0;2
0;25390.0;Vinnie;Ruby;SEASHELLS;71460.0;2
0;25398.0;Vinnie;Rhianna;SEASHELLS;71439.0;2
0;25398.0;Vladimir;Rhianna;SEASHELLS;71439.0;4
0;25404.0;Rhianna;Vladimir;SEASHELLS;71467.0;5
0;25404.0;Rhianna;Vinnie;SEASHELLS;71467.0;1
0;25411.0;Vinnie;Rhianna;SEASHELLS;71468.0;1
0;25440.0;Vinnie;Ruby;SEASHELLS;71478.0;1
0;25500.0;Ruby;Vladimir;SEASHELLS;71465.0;9
0;25515.0;Vladimir;Rhianna;SEASHELLS;71458.0;5
0;25515.0;Vinnie;Rhianna;SEASHELLS;71459.0;1
0;25531.0;Ruby;Vladimir;SEASHELLS;71495.0;6
0;25544.0;Vinnie;Rhianna;SEASHELLS;71483.0;3
0;25544.0;Vladimir;Rhianna;SEASHELLS;71477.0;3
0;25562.0;Vinnie;Ruby;SEASHELLS;71502.0;2
0;25705.0;Vinnie;Ruby;SEASHELLS;71424.0;1
0;25728.0;Vladimir;Ruby;SEASHELLS;71438.0;10
0;25734.0;Vinnie;Rhianna;SEASHELLS;71496.0;1
0;25749.0;Vinnie;Ruby;SEASHELLS;71501.0;2
0;25775.0;Vinnie;Ruby;SEASHELLS;71525.0;1
0;25784.0;Rhianna;Vladimir;SEASHELLS;71569.0;3
0;25823.0;Ruby;Vinnie;SEASHELLS;71510.0;1
0;25832.0;Ruby;Vladimir;SEASHELLS;71484.0;5
0;25848.0;Vinnie;Ruby;SEASHELLS;71500.0;1
0;25860.0;Vinnie;Rhianna;SEASHELLS;71463.0;1
0;25860.0;Vladimir;Rhianna;SEASHELLS;71462.0;6
0;25876.0;Vladimir;Rhianna;SEASHELLS;71465.0;6
0;25876.0;Vinnie;Rhianna;SEASHELLS;71466.0;2
0;25917.0;Ruby;Vladimir;SEASHELLS;71450.0;7
0;25981.0;Vladimir;Rhianna;SEASHELLS;71339.0;5
0;25994.0;Vinnie;Rhianna;SEASHELLS;71368.0;3
0;25998.0;Vladimir;Ruby;SEASHELLS;71375.0;7
0;26024.0;Vinnie;Rhianna;SEASHELLS;71410.0;3
0;26026.0;Vinnie;Ruby;SEASHELLS;71409.0;2
0;26038.0;Ruby;Vinnie;SEASHELLS;71416.0;1
0;26051.0;Ruby;Vinnie;SEASHELLS;71422.0;2
0;26057.0;Ruby;Vinnie;SEASHELLS;71404.0;1
0;26139.0;Vladimir;Rhianna;SEASHELLS;71402.0;6
0;26143.0;Ruby;Vinnie;SEASHELLS;71404.0;1
0;26157.0;Vinnie;Ruby;SEASHELLS;71406.0;1
0;26179.0;Vladimir;Vinnie;SEASHELLS;71368.0;1
0;26186.0;Vladimir;Ruby;SEASHELLS;71340.0;8
0;26197.0;Vladimir;Rhianna;SEASHELLS;71343.0;6
0;26197.0;Vinnie;Rhianna;SEASHELLS;71344.0;2
0;26218.0;Vinnie;Ruby;SEASHELLS;71290.0;1
0;26225.0;Rhianna;Vladimir;SEASHELLS;71296.0;4
0;26263.0;Ruby;Vladimir;SEASHELLS;71282.0;9
0;26282.0;Ruby;Vinnie;SEASHELLS;71277.0;1
0;26292.0;Ruby;Vladimir;SEASHELLS;71297.0;6
0;26307.0;Ruby;Vladimir;SEASHELLS;71279.0;8
0;26342.0;Vinnie;Ruby;SEASHELLS;71269.0;1
0;26352.0;Vinnie;Ruby;SEASHELLS;71284.0;1
0;26488.0;Vinnie;Ruby;SEASHELLS;71268.0;1
0;26494.0;Vinnie;Ruby;SEASHELLS;71293.0;2
0;26504.0;Ruby;Vinnie;SEASHELLS;71325.0;2
0;26508.0;Rhianna;Vinnie;SEASHELLS;71318.0;1
0;26509.0;Vinnie;Rhianna;SEASHELLS;71316.0;1
0;26509.0;Vladimir;Rhianna;SEASHELLS;71315.0;3
0;26510.0;Ruby;Vinnie;SEASHELLS;71325.0;1
0;26549.0;Vladimir;Ruby;SEASHELLS;71264.0;6
0;26554.0;Rhianna;Vladimir;SEASHELLS;71265.0;2
0;26558.0;Vinnie;Rhianna;SEASHELLS;71262.0;1
0;26558.0;Vladimir;Rhianna;SEASHELLS;71261.0;6
0;26565.0;Vinnie;Ruby;SEASHELLS;71265.0;2
0;26582.0;Rhianna;Vinnie;SEASHELLS;71260.0;2
0;26583.0;Vladimir;Ruby;SEASHELLS;71251.0;8
0;26591.0;Ruby;Vinnie;SEASHELLS;71335.0;2
0;26596.0;Ruby;Vinnie;SEASHELLS;71322.0;1
0;26624.0;Vinnie;Rhianna;SEASHELLS;71394.0;2
0;26624.0;Vladimir;Rhianna;SEASHELLS;71393.0;3
0;26647.0;Vinnie;Ruby;SEASHELLS;71340.0;1
0;26652.0;Vladimir;Rhianna;SEASHELLS;71335.0;3
0;26652.0;Vinnie;Rhianna;SEASHELLS;71335.0;2
0;26673.0;Rhianna;Vladimir;SEASHELLS;71330.0;5
0;26706.0;Rhianna;Vinnie;SEASHELLS;71338.0;1
0;26735.0;Vinnie;Ruby;SEASHELLS;71297.0;2
0;26768.0;Ruby;Vladimir;SEASHELLS;71328.0;7
0;26780.0;Vinnie;Ruby;SEASHELLS;71307.0;1
0;26786.0;Vladimir;Rhianna;SEASHELLS;71290.0;5
0;26786.0;Vinnie;Rhianna;SEASHELLS;71291.0;2
0;26805.0;Rhianna;Vinnie;SEASHELLS;71326.0;2
0;26841.0;Rhianna;Vinnie;SEASHELLS;71251.0;1
0;26871.0;Vinnie;Ruby;SEASHELLS;71262.0;3
0;26904.0;Vladimir;Ruby;SEASHELLS;71211.0;8
0;26933.0;Ruby;Vladimir;SEASHELLS;71206.0;9
0;26951.0;Ruby;Vladimir;SEASHELLS;71231.0;6
0;26952.0;Vladimir;Rhianna;SEASHELLS;71215.0;6
0;26966.0;Rhianna;Vinnie;SEASHELLS;71236.0;1
0;26991.0;Rhianna;Vinnie;SEASHELLS;71207.0;2
0;27010.0;Ruby;Vladimir;SEASHELLS;71142.0;9
0;27033.0;Ruby;Vladimir;SEASHELLS;71131.0;5
0;27065.0;Ruby;Vinnie;SEASHELLS;71115.0;1
0;27183.0;Ruby;Vinnie;SEASHELLS;71175.0;1
0;27193.0;Vinnie;Rhianna;SEASHELLS;71169.0;4
0;27209.0;Ruby;Vinnie;SEASHELLS;71165.0;2
0;27219.0;Rhianna;Vinnie;SEASHELLS;71179.0;1
0;27219.0;Rhianna;Vladimir;SEASHELLS;71179.0;2
0;27228.0;Ruby;Vinnie;SEASHELLS;71178.0;2
0;27247.0;Vinnie;Ruby;SEASHELLS;71192.0;2
0;27280.0;Ruby;Vladimir;SEASHELLS;71147.0;9
0;27290.0;Rhianna;Vinnie;SEASHELLS;71136.0;1
0;27299.0;Vinnie;Rhianna;SEASHELLS;71146.0;1
0;27299.0;Vladimir;Rhianna;SEASHELLS;71145.0;7
0;27303.0;Vinnie;Ruby;SEASHELLS;71137.0;2
0;27353.0;Ruby;Vinnie;SEASHELLS;71187.0;1
0;27364.0;Rhianna;Vladimir;SEASHELLS;71201.0;3
0;27368.0;Ruby;Vinnie;SEASHELLS;71166.0;1
0;27381.0;Ruby;Vinnie;SEASHELLS;71152.0;2
0;27447.0;Vinnie;Rhianna;SEASHELLS;71202.0;1
0;27466.0;Vinnie;Ruby;SEASHELLS;71184.0;2
0;27480.0;Rhianna;Vladimir;SEASHELLS;71189.0;5
0;27493.0;Vinnie;Ruby;SEASHELLS;71151.0;1
0;27557.0;Vladimir;Ruby;SEASHELLS;71234.0;7
0;27569.0;Ruby;Vinnie;SEASHELLS;71265.0;1
0;27605.0;Ruby;Vinnie;SEASHELLS;71206.0;2
0;27608.0;Ruby;Vladimir;SEASHELLS;71213.0;7
0;27621.0;Vinnie;Ruby;SEASHELLS;71238.0;1
0;27649.0;Vinnie;Ruby;SEASHELLS;71206.0;1
0;27657.0;Rhianna;Vinnie;SEASHELLS;71215.0;2
0;27674.0;Vinnie;Rhianna;SEASHELLS;71205.0;1
0;27674.0;Vladimir;Rhianna;SEASHELLS;71204.0;6
0;27675.0;Vinnie;Ruby;SEASHELLS;71209.0;6
0;27698.0;Ruby;Vinnie;SEASHELLS;71234.0;2
0;27733.0;Ruby;Vladimir;SEASHELLS;71168.0;6
0;27774.0;Ruby;Vladimir;SEASHELLS;71118.0;10
0;27775.0;Vladimir;Ruby;SEASHELLS;71108.0;9
0;27784.0;Vladimir;Rhianna;SEASHELLS;71120.0;2
0;27799.0;Rhianna;Vinnie;SEASHELLS;71114.0;1
0;27806.0;Ruby;Vladimir;SEASHELLS;71118.0;5
0;27843.0;Ruby;Vladimir;SEASHELLS;71101.0;8
0;27846.0;Rhianna;Vinnie;SEASHELLS;71085.0;2
0;27846.0;Rhianna;Vladimir;SEASHELLS;71085.0;1
0;27871.0;Vladimir;Rhianna;SEASHELLS;71110.0;8
0;27882.0;Ruby;Vinnie;SEASHELLS;71101.0;1
0;27888.0;Vladimir;Ruby;SEASHELLS;71082.0;5
0;27890.0;Ruby;Vladimir;SEASHELLS;71103.0;6
0;27900.0;Ruby;Vinnie;SEASHELLS;71079.0;1
0;27903.0;Vinnie;Ruby;SEASHELLS;71072.0;2
0;27980.0;Vladimir;Ruby;SEASHELLS;71081.0;6
0;28006.0;Vladimir;Ruby;SEASHELLS;71059.0;6
0;28025.0;Rhianna;Vinnie;SEASHELLS;71018.0;2
0;28025.0;Vladimir;Vinnie;SEASHELLS;71018.0;1
0;28069.0;Vinnie;Ruby;SEASHELLS;71016.0;2
0;28075.0;Vinnie;Ruby;SEASHELLS;71036.0;2
0;28120.0;Vladimir;Ruby;SEASHELLS;71064.0;9
0;28135.0;Vinnie;Ruby;SEASHELLS;71069.0;1
0;28161.0;Vladimir;Rhianna;SEASHELLS;71094.0;1
0;28161.0;Vinnie;Rhianna;SEASHELLS;71095.0;1
0;28174.0;Rhianna;Vinnie;SEASHELLS;71078.0;1
0;28174.0;Rhianna;Vladimir;SEASHELLS;71078.0;4
0;28188.0;Vinnie;Rhianna;SEASHELLS;71013.0;1
0;28188.0;Vladimir;Rhianna;SEASHELLS;71012.0;6
0;28202.0;Vinnie;Rhianna;SEASHELLS;71041.0;1
0;28202.0;Vladimir;Rhianna;SEASHELLS;71041.0;4
0;28205.0;Vladimir;Rhianna;SEASHELLS;71035.0;6
0;28205.0;Vinnie;Rhianna;SEASHELLS;71035.0;1
0;28209.0;Vinnie;Ruby;SEASHELLS;71052.0;1
0;28215.0;Ruby;Vinnie;SEASHELLS;71077.0;2
0;28336.0;Vinnie;Ruby;SEASHELLS;71136.0;2
0;28370.0;Ruby;Vinnie;SEASHELLS;71197.0;1
0;28417.0;Vladimir;Rhianna;SEASHELLS;71240.0;7
0;28419.0;Vinnie;Rhianna;SEASHELLS;71250.0;1
0;28429.0;Vinnie;Ruby;SEASHELLS;71232.0;1
0;28432.0;Vladimir;Ruby;SEASHELLS;71226.0;5
0;28477.0;Rhianna;Vladimir;SEASHELLS;71186.0;5
0;28477.0;Rhianna;Vinnie;SEASHELLS;71186.0;2
0;28492.0;Ruby;Vladimir;SEASHELLS;71176.0;5
0;28501.0;Vinnie;Ruby;SEASHELLS;71171.0;1
0;28533.0;Vinnie;Rhianna;SEASHELLS;71060.0;5
0;28568.0;Vinnie;Ruby;SEASHELLS;71010.0;1
0;28580.0;Vladimir;Rhianna;SEASHELLS;71003.0;6
0;28585.0;Vladimir;Rhianna;SEASHELLS;71012.0;7
0;28594.0;Rhianna;Vladimir;SEASHELLS;70990.0;3
0;28614.0;Vinnie;Rhianna;SEASHELLS;70968.0;2
0;28614.0;Vladimir;Rhianna;SEASHELLS;70967.0;1
0;28616.0;Ruby;Vinnie;SEASHELLS;70966.0;1
0;28646.0;Vinnie;Ruby;SEASHELLS;70947.0;1
0;28652.0;Vinnie;Ruby;SEASHELLS;70909.0;7
0;28662.0;Rhianna;Vinnie;SEASHELLS;70953.0;1
0;28669.0;Ruby;Vinnie;SEASHELLS;70932.0;1
0;28717.0;Vladimir;Rhianna;SEASHELLS;70906.0;5
0;28717.0;Vinnie;Rhianna;SEASHELLS;70907.0;1
0;28717.0;Ruby;Vinnie;SEASHELLS;70918.0;1
0;28731.0;Ruby;Vladimir;SEASHELLS;70929.0;5
0;28738.0;Vladimir;Ruby;SEASHELLS;70904.0;6
0;28749.0;Vinnie;Ruby;SEASHELLS;70906.0;2
0;28759.0;Vladimir;Rhianna;SEASHELLS;70900.0;7
0;28762.0;Rhianna;Vladimir;SEASHELLS;70910.0;4
0;28791.0;Vinnie;Ruby;SEASHELLS;70917.0;1
0;28814.0;Vinnie;Ruby;SEASHELLS;70913.0;2
0;28815.0;Vinnie;Ruby;SEASHELLS;70912.0;1
0;28817.0;Rhianna;Vladimir;SEASHELLS;70925.0;7
0;28820.0;Vinnie;Ruby;SEASHELLS;70913.0;1
0;28827.0;Ruby;Vladimir;SEASHELLS;70926.0;5
0;28836.0;Ruby;Vinnie;SEASHELLS;70930.0;2
0;28858.0;Rhianna;Vinnie;SEASHELLS;70966.0;2
0;28870.0;Vinnie;Rhianna;SEASHELLS;70969.0;1
0;28870.0;Vladimir;Rhianna;SEASHELLS;70969.0;5
0;28871.0;Vladimir;Rhianna;SEASHELLS;70969.0;2
0;28871.0;Vinnie;Rhianna;SEASHELLS;70970.0;2
0;28876.0;Vinnie;Rhianna;SEASHELLS;70998.0;1
0;28876.0;Vladimir;Rhianna;SEASHELLS;70997.0;1
0;28884.0;Vladimir;Rhianna;SEASHELLS;71055.0;1
0;28884.0;Vinnie;Rhianna;SEASHELLS;71056.0;1
0;28912.0;Ruby;Vinnie;SEASHELLS;70934.0;1
0;28937.0;Vinnie;Rhianna;SEASHELLS;70952.0;2
0;28941.0;Vinnie;Ruby;SEASHELLS;70980.0;1
0;28960.0;Ruby;Vladimir;SEASHELLS;70985.0;5
0;28964.0;Vinnie;Rhianna;SEASHELLS;70988.0;2
0;28964.0;Vladimir;Rhianna;SEASHELLS;70988.0;5
0;28984.0;Vinnie;Ruby;SEASHELLS;71007.0;1
0;29010.0;Vladimir;Rhianna;SEASHELLS;70985.0;4
0;29023.0;Vinnie;Ruby;SEASHELLS;70991.0;1
0;29038.0;Ruby;Vinnie;SEASHELLS;71036.0;1
0;29057.0;Vinnie;Rhianna;SEASHELLS;71019.0;2
0;29057.0;Vladimir;Rhianna;SEASHELLS;71019.0;5
0;29068.0;Rhianna;Vladimir;SEASHELLS;71056.0;6
0;29106.0;Ruby;Vladimir;SEASHELLS;71142.0;8
0;29120.0;Ruby;Vladimir;SEASHELLS;71150.0;5
0;29145.0;Vladimir;Ruby;SEASHELLS;71111.0;9
0;29169.0;Ruby;Vinnie;SEASHELLS;71091.0;2
0;29206.0;Vinnie;Rhianna;SEASHELLS;71045.0;1
0;29206.0;Vladimir;Rhianna;SEASHELLS;71044.0;3
0;29261.0;Vladimir;Rhianna;SEASHELLS;70986.0;3
0;29261.0;Vinnie;Rhianna;SEASHELLS;70987.0;1
0;29271.0;Vinnie;Ruby;SEASHELLS;70986.0;1
0;29297.0;Ruby;Vinnie;SEASHELLS;71055.0;1
0;29300.0;Vinnie;Ruby;SEASHELLS;71034.0;2
0;29352.0;Ruby;Vinnie;SEASHELLS;70985.0;1
0;29367.0;Ruby;Vinnie;SEASHELLS;71007.0;2
0;29377.0;Vinnie;Ruby;SEASHELLS;71014.0;2
0;29390.0;Vinnie;Ruby;SEASHELLS;71051.0;1
0;29424.0;Vladimir;Ruby;SEASHELLS;70991.0;7
0;29461.0;Ruby;Vinnie;SEASHELLS;71059.0;1
0;29478.0;Vinnie;Rhianna;SEASHELLS;71005.0;2
0;29478.0;Vladimir;Rhianna;SEASHELLS;71004.0;1
0;29539.0;Ruby;Vladimir;SEASHELLS;71121.0;5
0;29598.0;Ruby;Vinnie;SEASHELLS;71066.0;1
0;29625.0;Ruby;Vinnie;SEASHELLS;71105.0;1
0;29634.0;Vladimir;Rhianna;SEASHELLS;71077.0;5
0;29651.0;Rhianna;Vinnie;SEASHELLS;71117.0;1
0;29657.0;Vladimir;Rhianna;SEASHELLS;71128.0;4
0;29660.0;Vladimir;Ruby;SEASHELLS;71111.0;7
0;29674.0;Vladimir;Rhianna;SEASHELLS;71156.0;4
0;29674.0;Vinnie;Rhianna;SEASHELLS;71157.0;2
0;29684.0;Vinnie;Rhianna;SEASHELLS;71158.0;1
0;29703.0;Vladimir;Ruby;SEASHELLS;71153.0;6
0;29721.0;Ruby;Vinnie;SEASHELLS;71138.0;2
0;29771.0;Vladimir;Ruby;SEASHELLS;71173.0;8
0;29773.0;Ruby;Vinnie;SEASHELLS;71182.0;1
0;29782.0;Vinnie;Ruby;SEASHELLS;71172.0;2
0;29814.0;Vladimir;Ruby;SEASHELLS;71139.0;7
0;29862.0;Vinnie;Ruby;SEASHELLS;71182.0;1
0;29862.0;Rhianna;Vladimir;SEASHELLS;71192.0;4
0;29878.0;Ruby;Vinnie;SEASHELLS;71221.0;1
0;29879.0;Ruby;Vinnie;SEASHELLS;71211.0;6
0;29928.0;Rhianna;Vladimir;SEASHELLS;71235.0;7
0;29932.0;Vinnie;Rhianna;SEASHELLS;71229.0;2
0;29935.0;Vinnie;Ruby;SEASHELLS;71212.0;2
0;29947.0;Vladimir;Ruby;SEASHELLS;71216.0;6
0;29969.0;Ruby;Vladimir;SEASHELLS;71205.0;8
0;29982.0;Rhianna;Vladimir;SEASHELLS;71199.0;5
0;29986.0;Ruby;Vinnie;SEASHELLS;71196.0;2
1;30024.0;Vinnie;Rhianna;SEASHELLS;71139.0;2
1;30024.0;Vladimir;Rhianna;SEASHELLS;71138.0;1
1;30057.0;Vinnie;Ruby;SEASHELLS;71120.0;2
1;30139.0;Vladimir;Rhianna;SEASHELLS;71061.0;2
1;30172.0;Vinnie;Ruby;SEASHELLS;71062.0;1
1;30202.0;Vinnie;Ruby;SEASHELLS;71123.0;1
1;30214.0;Vladimir;Rhianna;SEASHELLS;71131.0;4
1;30225.0;Vinnie;Rhianna;SEASHELLS;71149.0;5
1;30254.0;Vladimir;Vinnie;SEASHELLS;71111.0;1
1;30271.0;Vinnie;Ruby;SEASHELLS;71142.0;1
1;30301.0;Ruby;Vinnie;SEASHELLS;71110.0;2
1;30375.0;Rhianna;Vladimir;SEASHELLS;71152.0;4
1;30393.0;Vladimir;Ruby;SEASHELLS;71139.0;10
1;30413.0;Ruby;Vladimir;SEASHELLS;71126.0;10
1;30425.0;Ruby;Vinnie;SEASHELLS;71137.0;2
1;30442.0;Ruby;Vinnie;SEASHELLS;71135.0;2
1;30447.0;Rhianna;Vladimir;SEASHELLS;71139.0;4
1;30447.0;Rhianna;Vinnie;SEASHELLS;71139.0;1
1;30449.0;Vladimir;Ruby;SEASHELLS;71142.0;8
1;30454.0;Ruby;Vladimir;SEASHELLS;71157.0;5
1;30532.0;Rhianna;Vladimir;SEASHELLS;71122.0;4
1;30532.0;Rhianna;Vinnie;SEASHELLS;71122.0;2
1;30553.0;Ruby;Vinnie;SEASHELLS;71101.0;1
1;30555.0;Ruby;Vinnie;SEASHELLS;71108.0;1
1;30556.0;Rhianna;Vladimir;SEASHELLS;71101.0;1
1;30556.0;Rhianna;Vinnie;SEASHELLS;71096.0;2
1;30579.0;Vinnie;Ruby;SEASHELLS;71132.0;2
1;30585.0;Vladimir;Ruby;SEASHELLS;71173.0;8
1;30591.0;Rhianna;Vladimir;SEASHELLS;71172.0;5
1;30591.0;Rhianna;Vinnie;SEASHELLS;71172.0;1
1;30603.0;Ruby;Vinnie;SEASHELLS;71174.0;1
1;30621.0;Vladimir;Rhianna;SEASHELLS;71187.0;3
1;30624.0;Vladimir;Rhianna;SEASHELLS;71200.0;7
1;30687.0;Vladimir;Rhianna;SEASHELLS;71215.0;5
1;30698.0;Vinnie;Ruby;SEASHELLS;71251.0;2
1;30705.0;Ruby;Vinnie;SEASHELLS;71246.0;2
1;30711.0;Rhianna;Vinnie;SEASHELLS;71268.0;2
1;30727.0;Vladimir;Rhianna;SEASHELLS;71266.0;4
1;30761.0;Rhianna;Vinnie;SEASHELLS;71207.0;1
1;30761.0;Rhianna;Vladimir;SEASHELLS;71207.0;4
1;30770.0;Rhianna;Vladimir;SEASHELLS;71193.0;4
1;30770.0;Rhianna;Vinnie;SEASHELLS;71193.0;2
1;30791.0;Ruby;Vinnie;SEASHELLS;71183.0;1
1;30795.0;Rhianna;Vinnie;SEASHELLS;71184.0;6
1;30808.0;Ruby;Vinnie;SEASHELLS;71170.0;2
1;30824.0;Vinnie;Ruby;SEASHELLS;71148.0;2
1;30894.0;Vladimir;Rhianna;SEASHELLS;71087.0;8
1;30922.0;Vinnie;Rhianna;SEASHELLS;71058.0;2
1;30922.0;Vladimir;Rhianna;SEASHELLS;71057.0;1
1;30926.0;Ruby;Vinnie;SEASHELLS;71094.0;2
1;30929.0;Rhianna;Vinnie;SEASHELLS;71103.0;1
1;30929.0;Rhianna;Vladimir;SEASHELLS;71103.0;3
1;30979.0;Ruby;Vinnie;SEASHELLS;70977.0;2
1;30983.0;Vladimir;Ruby;SEASHELLS;70995.0;10
1;31015.0;Ruby;Vinnie;SEASHELLS;70979.0;2
1;31016.0;Ruby;Vinnie;SEASHELLS;70972.0;1
1;31017.0;Ruby;Vladimir;SEASHELLS;70989.0;8
1;31022.0;Vladimir;Rhianna;SEASHELLS;70974.0;7
1;31041.0;Rhianna;Vinnie;SEASHELLS;70952.0;2
1;31044.0;Vladimir;Rhianna;SEASHELLS;70922.0;8
1;31074.0;Vinnie;Ruby;SEASHELLS;70958.0;2
1;31147.0;Ruby;Vladimir;SEASHELLS;70967.0;9
1;31150.0;Vinnie;Ruby;SEASHELLS;70960.0;1
1;31152.0;Vinnie;Rhianna;SEASHELLS;70967.0;3
1;31152.0;Vladimir;Rhianna;SEASHELLS;70961.0;3
1;31155.0;Ruby;Vinnie;SEASHELLS;70965.0;1
1;31206.0;Ruby;Vinnie;SEASHELLS;71014.0;1
1;31211.0;Vladimir;Ruby;SEASHELLS;70982.0;6
1;31214.0;Vladimir;Rhianna;SEASHELLS;70976.0;3
1;31214.0;Vinnie;Rhianna;SEASHELLS;70977.0;2
1;31220.0;Vinnie;Ruby;SEASHELLS;70987.0;2
1;31245.0;Vladimir;Rhianna;SEASHELLS;71008.0;7
1;31245.0;Vinnie;Rhianna;SEASHELLS;71009.0;1
1;31400.0;Ruby;Vinnie;SEASHELLS;71049.0;2
1;31455.0;Vinnie;Ruby;SEASHELLS;70971.0;2
1;31471.0;Vinnie;Ruby;SEASHELLS;70979.0;2
1;31540.0;Vladimir;Rhianna;SEASHELLS;70916.0;8
1;31550.0;Ruby;Vinnie;SEASHELLS;70912.0;1
1;31582.0;Ruby;Vinnie;SEASHELLS;70867.0;2
1;31637.0;Vladimir;Rhianna;SEASHELLS;70847.0;6
1;31637.0;Vinnie;Rhianna;SEASHELLS;70848.0;2
1;31653.0;Vladimir;Rhianna;SEASHELLS;70845.0;3
1;31653.0;Vinnie;Rhianna;SEASHELLS;70846.0;2
1;31658.0;Vladimir;Rhianna;SEASHELLS;70862.0;6
1;31658.0;Vinnie;Rhianna;SEASHELLS;70863.0;1
1;31665.0;Rhianna;Vinnie;SEASHELLS;70880.0;2
1;31669.0;Vinnie;Rhianna;SEASHELLS;70870.0;2
1;31669.0;Vladimir;Rhianna;SEASHELLS;70865.0;4
1;31673.0;Rhianna;Vinnie;SEASHELLS;70841.0;1
1;31710.0;Vinnie;Rhianna;SEASHELLS;70808.0;1
1;31710.0;Vladimir;Rhianna;SEASHELLS;70807.0;4
1;31757.0;Vladimir;Rhianna;SEASHELLS;70845.0;7
1;31781.0;Ruby;Vinnie;SEASHELLS;70878.0;1
1;31804.0;Vladimir;Ruby;SEASHELLS;70780.0;7
1;31812.0;Ruby;Vinnie;SEASHELLS;70818.0;1
1;31837.0;Rhianna;Vinnie;SEASHELLS;70862.0;1
1;31837.0;Rhianna;Vladimir;SEASHELLS;70862.0;5
1;31858.0;Rhianna;Vinnie;SEASHELLS;70800.0;1
1;31900.0;Vladimir;Ruby;SEASHELLS;70758.0;7
1;31903.0;Ruby;Vladimir;SEASHELLS;70775.0;9
1;31924.0;Rhianna;Vinnie;SEASHELLS;70735.0;1
1;31924.0;Rhianna;Vladimir;SEASHELLS;70735.0;5
1;31924.0;Rhianna;Vinnie;SEASHELLS;70729.0;1
1;31930.0;Vladimir;Ruby;SEASHELLS;70724.0;5
1;31937.0;Rhianna;Vladimir;SEASHELLS;70695.0;5
1;31953.0;Ruby;Vladimir;SEASHELLS;70666.0;6
1;31986.0;Vladimir;Ruby;SEASHELLS;70670.0;6
1;31993.0;Ruby;Vinnie;SEASHELLS;70686.0;1
1;32019.0;Ruby;Vinnie;SEASHELLS;70739.0;1
1;32067.0;Ruby;Vladimir;SEASHELLS;70819.0;10
1;32133.0;Vinnie;Ruby;SEASHELLS;70841.0;1
1;32138.0;Vinnie;Ruby;SEASHELLS;70849.0;2
1;32147.0;Vladimir;Ruby;SEASHELLS;70865.0;9
1;32160.0;Vinnie;Rhianna;SEASHELLS;70884.0;1
1;32160.0;Vladimir;Rhianna;SEASHELLS;70884.0;5
1;32170.0;Vinnie;Ruby;SEASHELLS;70877.0;2
1;32178.0;Vladimir;Rhianna;SEASHELLS;70851.0;6
1;32190.0;Ruby;Vinnie;SEASHELLS;70794.0;1
1;32223.0;Rhianna;Vinnie;SEASHELLS;70869.0;1
1;32223.0;Rhianna;Vladimir;SEASHELLS;70869.0;2
1;32234.0;Vladimir;Rhianna;SEASHELLS;70903.0;2
1;32234.0;Vinnie;Rhianna;SEASHELLS;70904.0;1
1;32237.0;Vinnie;Rhianna;SEASHELLS;70886.0;2
1;32254.0;Vladimir;Rhianna;SEASHELLS;70896.0;6
1;32254.0;Vinnie;Rhianna;SEASHELLS;70897.0;2
1;32256.0;Rhianna;Vinnie;SEASHELLS;70911.0;2
1;32266.0;Vladimir;Rhianna;SEASHELLS;70875.0;1
1;32266.0;Vinnie;Rhianna;SEASHELLS;70876.0;2
1;32283.0;Ruby;Vinnie;SEASHELLS;70893.0;2
1;32286.0;Ruby;Vinnie;SEASHELLS;70872.0;1
1;32321.0;Vinnie;Ruby;SEASHELLS;70903.0;2
1;32334.0;Ruby;Vinnie;SEASHELLS;70916.0;1
1;32367.0;Ruby;Vinnie;SEASHELLS;70899.0;2
1;32402.0;Vinnie;Rhianna;SEASHELLS;70980.0;1
1;32402.0;Vladimir;Rhianna;SEASHELLS;70979.0;1
1;32441.0;Ruby;Vladimir;SEASHELLS;71026.0;5
1;32460.0;Vladimir;Rhianna;SEASHELLS;71066.0;5
1;32460.0;Vinnie;Rhianna;SEASHELLS;71067.0;2
1;32486.0;Vinnie;Rhianna;SEASHELLS;71126.0;2
1;32486.0;Vladimir;Rhianna;SEASHELLS;71125.0;6
1;32501.0;Vladimir;Vinnie;SEASHELLS;71163.0;1
1;32506.0;Rhianna;Vinnie;SEASHELLS;71137.0;2
1;32515.0;Vladimir;Rhianna;SEASHELLS;71106.0;2
1;32515.0;Vinnie;Rhianna;SEASHELLS;71107.0;1
1;32523.0;Rhianna;Vinnie;SEASHELLS;71129.0;2
1;32523.0;Rhianna;Vladimir;SEASHELLS;71129.0;6
1;32555.0;Vinnie;Ruby;SEASHELLS;71117.0;2
1;32584.0;Vinnie;Rhianna;SEASHELLS;71224.0;2
1;32588.0;Vladimir;Ruby;SEASHELLS;71209.0;5
1;32650.0;Vladimir;Ruby;SEASHELLS;71122.0;5
1;32711.0;Rhianna;Vinnie;SEASHELLS;71195.0;2
1;32747.0;Vladimir;Ruby;SEASHELLS;71160.0;5
1;32762.0;Vladimir;Rhianna;SEASHELLS;71184.0;1
1;32762.0;Vinnie;Rhianna;SEASHELLS;71184.0;2
1;32762.0;Vinnie;Rhianna;SEASHELLS;71189.0;3
1;32775.0;Ruby;Vladimir;SEASHELLS;71222.0;10
1;32781.0;Ruby;Vinnie;SEASHELLS;71222.0;1
1;32807.0;Vinnie;Ruby;SEASHELLS;71220.0;1
1;32830.0;Vinnie;Ruby;SEASHELLS;71274.0;1
1;32850.0;Ruby;Vinnie;SEASHELLS;71312.0;2
1;32856.0;Vinnie;Rhianna;SEASHELLS;71279.0;2
1;32901.0;Vinnie;Ruby;SEASHELLS;71234.0;1
1;32910.0;Rhianna;Vladimir;SEASHELLS;71222.0;4
1;32910.0;Rhianna;Vinnie;SEASHELLS;71222.0;2
1;32930.0;Ruby;Vladimir;SEASHELLS;71228.0;7
1;32944.0;Rhianna;Vinnie;SEASHELLS;71257.0;1
1;32959.0;Ruby;Vinnie;SEASHELLS;71255.0;1
1;32962.0;Vladimir;Vinnie;SEASHELLS;71251.0;1
1;32970.0;Vinnie;Ruby;SEASHELLS;71250.0;2
1;32983.0;Rhianna;Vinnie;SEASHELLS;71249.0;1
1;33027.0;Vladimir;Rhianna;SEASHELLS;71230.0;3
1;33027.0;Vinnie;Rhianna;SEASHELLS;71231.0;1
1;33046.0;Vinnie;Ruby;SEASHELLS;71193.0;1
1;33052.0;Rhianna;Vladimir;SEASHELLS;71250.0;3
1;33057.0;Vladimir;Ruby;SEASHELLS;71246.0;6
1;33061.0;Vinnie;Ruby;SEASHELLS;71243.0;1
1;33101.0;Rhianna;Vinnie;SEASHELLS;71300.0;2
1;33136.0;Vladimir;Rhianna;SEASHELLS;71258.0;7
1;33136.0;Vinnie;Rhianna;SEASHELLS;71258.0;1
1;33155.0;Vinnie;Rhianna;SEASHELLS;71218.0;2
1;33155.0;Vladimir;Rhianna;SEASHELLS;71217.0;1
1;33175.0;Rhianna;Vinnie;SEASHELLS;71186.0;1
1;33175.0;Rhianna;Vladimir;SEASHELLS;71186.0;4
1;33198.0;Vladimir;Rhianna;SEASHELLS;71095.0;3
1;33242.0;Rhianna;Vinnie;SEASHELLS;71067.0;6
1;33242.0;Rhianna;Vladimir;SEASHELLS;71072.0;2
1;33277.0;Rhianna;Vinnie;SEASHELLS;71144.0;2
1;33277.0;Rhianna;Vladimir;SEASHELLS;71144.0;6
1;33296.0;Vladimir;Rhianna;SEASHELLS;71123.0;2
1;33296.0;Vinnie;Rhianna;SEASHELLS;71129.0;1
1;33412.0;Rhianna;Vinnie;SEASHELLS;71016.0;2
1;33412.0;Rhianna;Vladimir;SEASHELLS;71016.0;1
1;33419.0;Vinnie;Rhianna;SEASHELLS;70972.0;1
1;33419.0;Vladimir;Rhianna;SEASHELLS;70971.0;1
1;33444.0;Ruby;Vinnie;SEASHELLS;71009.0;1
1;33448.0;Ruby;Vladimir;SEASHELLS;70974.0;10
1;33467.0;Ruby;Vladimir;SEASHELLS;70979.0;6
1;33503.0;Vinnie;Rhianna;SEASHELLS;70984.0;4
1;33542.0;Ruby;Vinnie;SEASHELLS;70974.0;1
1;33554.0;Rhianna;Vinnie;SEASHELLS;70985.0;1
1;33588.0;Vinnie;Rhianna;SEASHELLS;71014.0;2
1;33588.0;Vladimir;Rhianna;SEASHELLS;71008.0;6
1;33591.0;Ruby;Vinnie;SEASHELLS;71013.0;1
1;33653.0;Vladimir;Rhianna;SEASHELLS;71015.0;3
1;33653.0;Vinnie;Rhianna;SEASHELLS;71016.0;1
1;33661.0;Vinnie;Ruby;SEASHELLS;71008.0;4
1;33672.0;Ruby;Vladimir;SEASHELLS;71064.0;8
1;33693.0;Ruby;Vinnie;SEASHELLS;71101.0;2
1;33700.0;Vinnie;Ruby;SEASHELLS;71086.0;1
1;33703.0;Ruby;Vinnie;SEASHELLS;71118.0;2
1;33706.0;Rhianna;Vladimir;SEASHELLS;71135.0;6
1;33709.0;Rhianna;Vinnie;SEASHELLS;71144.0;2
1;33714.0;Vladimir;Rhianna;SEASHELLS;71099.0;6
1;33714.0;Vinnie;Rhianna;SEASHELLS;71100.0;2
1;33763.0;Vladimir;Rhianna;SEASHELLS;71086.0;2
1;33808.0;Rhianna;Vladimir;SEASHELLS;71021.0;4
1;33810.0;Ruby;Vinnie;SEASHELLS;71029.0;1
1;33824.0;Vladimir;Rhianna;SEASHELLS;71036.0;5
1;33842.0;Rhianna;Vinnie;SEASHELLS;71032.0;1
1;33854.0;Vladimir;Vinnie;SEASHELLS;71025.0;1
1;33868.0;Vinnie;Rhianna;SEASHELLS;71021.0;2
1;33878.0;Vinnie;Rhianna;SEASHELLS;71029.0;1
1;33878.0;Vladimir;Rhianna;SEASHELLS;71028.0;1
1;33884.0;Vinnie;Ruby;SEASHELLS;71021.0;1
1;33891.0;Ruby;Vinnie;SEASHELLS;71040.0;1
1;33908.0;Vinnie;Ruby;SEASHELLS;71049.0;2
1;33927.0;Ruby;Vinnie;SEASHELLS;71080.0;1
1;33946.0;Ruby;Vinnie;SEASHELLS;71095.0;2
1;33952.0;Vinnie;Rhianna;SEASHELLS;71080.0;2
1;33953.0;Ruby;Vinnie;SEASHELLS;71091.0;2
1;33986.0;Vinnie;Ruby;SEASHELLS;71093.0;2
1;34003.0;Vinnie;Ruby;SEASHELLS;71140.0;2
1;34012.0;Rhianna;Vinnie;SEASHELLS;71170.0;2
1;34049.0;Ruby;Vinnie;SEASHELLS;71180.0;8
1;34099.0;Vinnie;Ruby;SEASHELLS;71174.0;2
1;34102.0;Rhianna;Vladimir;SEASHELLS;71186.0;5
1;34119.0;Vinnie;Rhianna;SEASHELLS;71172.0;2
1;34119.0;Vladimir;Ruby;SEASHELLS;71171.0;9
1;34119.0;Vladimir;Rhianna;SEASHELLS;71172.0;3
1;34151.0;Rhianna;Vinnie;SEASHELLS;71127.0;2
1;34151.0;Rhianna;Vladimir;SEASHELLS;71127.0;2
1;34168.0;Vladimir;Rhianna;SEASHELLS;71151.0;1
1;34168.0;Vinnie;Rhianna;SEASHELLS;71152.0;1
1;34169.0;Rhianna;Vinnie;SEASHELLS;71162.0;2
1;34169.0;Rhianna;Vladimir;SEASHELLS;71162.0;5
1;34218.0;Vinnie;Rhianna;SEASHELLS;71173.0;2
1;34219.0;Vladimir;Rhianna;SEASHELLS;71155.0;8
1;34250.0;Ruby;Vladimir;SEASHELLS;71135.0;5
1;34264.0;Rhianna;Vladimir;SEASHELLS;71180.0;7
1;34271.0;Vladimir;Ruby;SEASHELLS;71114.0;10
1;34305.0;Ruby;Vladimir;SEASHELLS;71038.0;6
1;34320.0;Ruby;Vinnie;SEASHELLS;71015.0;2
1;34339.0;Vladimir;Rhianna;SEASHELLS;70945.0;7
1;34343.0;Ruby;Vinnie;SEASHELLS;70976.0;1
1;34389.0;Vinnie;Rhianna;SEASHELLS;70966.0;1
1;34389.0;Vladimir;Rhianna;SEASHELLS;70965.0;3
1;34416.0;Ruby;Vladimir;SEASHELLS;70991.0;7
1;34429.0;Ruby;Vinnie;SEASHELLS;70965.0;1
1;34443.0;Rhianna;Vladimir;SEASHELLS;71004.0;7
1;34450.0;Vladimir;Rhianna;SEASHELLS;70972.0;4
1;34469.0;Ruby;Vinnie;SEASHELLS;70968.0;2
1;34480.0;Vinnie;Ruby;SEASHELLS;70885.0;2
1;34552.0;Vladimir;Vinnie;SEASHELLS;70859.0;1
1;34561.0;Vladimir;Rhianna;SEASHELLS;70859.0;8
1;34603.0;Vladimir;Ruby;SEASHELLS;70988.0;6
1;34625.0;Vladimir;Rhianna;SEASHELLS;70969.0;8
1;34690.0;Ruby;Vinnie;SEASHELLS;71054.0;1
1;34693.0;Vladimir;Rhianna;SEASHELLS;71027.0;6
1;34693.0;Vinnie;Rhianna;SEASHELLS;71028.0;2
1;34712.0;Rhianna;Vinnie;SEASHELLS;71077.0;1
1;34763.0;Vinnie;Ruby;SEASHELLS;71047.0;1
1;34767.0;Rhianna;Vinnie;SEASHELLS;71079.0;1
1;34770.0;Vinnie;Ruby;SEASHELLS;71051.0;1
1;34771.0;Vinnie;Ruby;SEASHELLS;71049.0;1
1;34779.0;Rhianna;Vinnie;SEASHELLS;71061.0;2
1;34779.0;Rhianna;Vladimir;SEASHELLS;71061.0;2
1;34797.0;Vladimir;Rhianna;SEASHELLS;70992.0;2
1;34840.0;Ruby;Vladimir;SEASHELLS;70949.0;7
1;34866.0;Rhianna;Vinnie;SEASHELLS;70990.0;1
1;34901.0;Rhianna;Vinnie;SEASHELLS;70995.0;2
1;34907.0;Ruby;Vinnie;SEASHELLS;71004.0;1
1;34918.0;Vladimir;Ruby;SEASHELLS;70994.0;7
1;34981.0;Vladimir;Rhianna;SEASHELLS;71009.0;6
1;34981.0;Vinnie;Rhianna;SEASHELLS;71010.0;1
1;34981.0;Ruby;Vinnie;SEASHELLS;71021.0;1
1;34997.0;Ruby;Vinnie;SEASHELLS;71036.0;2
1;34998.0;Vinnie;Ruby;SEASHELLS;71021.0;2
1;35014.0;Vinnie;Ruby;SEASHELLS;70993.0;2
1;35030.0;Vladimir;Rhianna;SEASHELLS;70996.0;7
1;35030.0;Vinnie;Rhianna;SEASHELLS;70997.0;1
1;35040.0;Vinnie;Ruby;SEASHELLS;70982.0;1
1;35088.0;Rhianna;Vinnie;SEASHELLS;70981.0;2
1;35111.0;Vladimir;Rhianna;SEASHELLS;70898.0;3
1;35125.0;Rhianna;Vinnie;SEASHELLS;70910.0;1
1;35177.0;Rhianna;Vladimir;SEASHELLS;71002.0;4
1;35203.0;Rhianna;Vinnie;SEASHELLS;71014.0;2
1;35240.0;Vinnie;Ruby;SEASHELLS;71071.0;1
1;35248.0;Rhianna;Vinnie;SEASHELLS;71058.0;2
1;35255.0;Rhianna;Vinnie;SEASHELLS;71097.0;2
1;35261.0;Vinnie;Ruby;SEASHELLS;71101.0;5
1;35278.0;Rhianna;Vladimir;SEASHELLS;71094.0;5
1;35313.0;Vladimir;Rhianna;SEASHELLS;71105.0;3
1;35317.0;Vinnie;Rhianna;SEASHELLS;71114.0;1
1;35317.0;Vladimir;Rhianna;SEASHELLS;71113.0;3
1;35339.0;Vinnie;Rhianna;SEASHELLS;71176.0;1
1;35371.0;Ruby;Vinnie;SEASHELLS;71233.0;1
1;35374.0;Vinnie;Ruby;SEASHELLS;71219.0;1
1;35385.0;Vladimir;Ruby;SEASHELLS;71191.0;6
1;35465.0;Vinnie;Ruby;SEASHELLS;71102.0;1
1;35501.0;Vinnie;Rhianna;SEASHELLS;71040.0;2
1;35524.0;Vinnie;Ruby;SEASHELLS;71040.0;1
1;35555.0;Vinnie;Rhianna;SEASHELLS;71021.0;1
1;35555.0;Vladimir;Rhianna;SEASHELLS;71021.0;2
1;35566.0;Ruby;Vinnie;SEASHELLS;71025.0;1
1;35614.0;Ruby;Vladimir;SEASHELLS;71034.0;10
1;35677.0;Ruby;Vladimir;SEASHELLS;71049.0;9
1;35695.0;Ruby;Vinnie;SEASHELLS;71081.0;2
1;35733.0;Ruby;Vinnie;SEASHELLS;71057.0;2
1;35737.0;Rhianna;Vladimir;SEASHELLS;71054.0;2
1;35737.0;Rhianna;Vinnie;SEASHELLS;71054.0;1
1;35740.0;Ruby;Vladimir;SEASHELLS;71073.0;10
1;35761.0;Ruby;Vinnie;SEASHELLS;70992.0;2
1;35774.0;Vladimir;Ruby;SEASHELLS;70988.0;8
1;35807.0;Vladimir;Ruby;SEASHELLS;70932.0;5
1;35816.0;Ruby;Vladimir;SEASHELLS;70949.0;5
1;35824.0;Vinnie;Rhianna;SEASHELLS;70950.0;2
1;35824.0;Vladimir;Rhianna;SEASHELLS;70949.0;1
1;35866.0;Vinnie;Ruby;SEASHELLS;70985.0;1
1;35874.0;Vinnie;Ruby;SEASHELLS;70981.0;1
1;35886.0;Vladimir;Rhianna;SEASHELLS;70933.0;3
1;35968.0;Ruby;Vladimir;SEASHELLS;70853.0;6
1;35999.0;Ruby;Vladimir;SEASHELLS;70872.0;9
1;36003.0;Vladimir;Rhianna;SEASHELLS;70868.0;5
1;36003.0;Vinnie;Rhianna;SEASHELLS;70868.0;1
1;36008.0;Vinnie;Ruby;SEASHELLS;70875.0;2
1;36029.0;Vinnie;Ruby;SEASHELLS;70833.0;2
1;36034.0;Vladimir;Ruby;SEASHELLS;70831.0;9
1;36039.0;Ruby;Vinnie;SEASHELLS;70841.0;2
1;36060.0;Vinnie;Rhianna;SEASHELLS;70785.0;1
1;36060.0;Vinnie;Rhianna;SEASHELLS;70780.0;2
1;36061.0;Vladimir;Rhianna;SEASHELLS;70772.0;2
1;36075.0;Vinnie;Ruby;SEASHELLS;70765.0;2
1;36097.0;Ruby;Vinnie;SEASHELLS;70794.0;1
1;36105.0;Vinnie;Ruby;SEASHELLS;70787.0;2
1;36141.0;Rhianna;Vinnie;SEASHELLS;70883.0;2
1;36152.0;Vinnie;Ruby;SEASHELLS;70875.0;1
1;36170.0;Vladimir;Rhianna;SEASHELLS;70877.0;5
1;36170.0;Vinnie;Rhianna;SEASHELLS;70878.0;1
1;36180.0;Vladimir;Ruby;SEASHELLS;70898.0;9
1;36209.0;Vinnie;Ruby;SEASHELLS;70853.0;2
1;36270.0;Rhianna;Vinnie;SEASHELLS;70797.0;2
1;36274.0;Ruby;Vinnie;SEASHELLS;70782.0;2
1;36358.0;Rhianna;Vinnie;SEASHELLS;70727.0;2
1;36377.0;Vinnie;Rhianna;SEASHELLS;70704.0;1
1;36377.0;Vladimir;Rhianna;SEASHELLS;70703.0;2
1;36390.0;Vinnie;Ruby;SEASHELLS;70737.0;2
1;36396.0;Rhianna;Vladimir;SEASHELLS;70751.0;5
1;36396.0;Rhianna;Vinnie;SEASHELLS;70751.0;1
1;36410.0;Vladimir;Ruby;SEASHELLS;70733.0;10
1;36444.0;Vladimir;Ruby;SEASHELLS;70759.0;6
1;36454.0;Ruby;Vladimir;SEASHELLS;70769.0;10
1;36460.0;Rhianna;Vladimir;SEASHELLS;70774.0;4
1;36487.0;Rhianna;Vladimir;SEASHELLS;70803.0;6
1;36495.0;Rhianna;Vinnie;SEASHELLS;70797.0;2
1;36495.0;Rhianna;Vladimir;SEASHELLS;70797.0;2
1;36518.0;Vladimir;Ruby;SEASHELLS;70765.0;5
1;36526.0;Vinnie;Rhianna;SEASHELLS;70754.0;2
1;36559.0;Rhianna;Vladimir;SEASHELLS;70805.0;3
1;36559.0;Rhianna;Vinnie;SEASHELLS;70805.0;2
1;36563.0;Vladimir;Vinnie;SEASHELLS;70785.0;1
1;36572.0;Rhianna;Vladimir;SEASHELLS;70818.0;2
1;36581.0;Ruby;Vinnie;SEASHELLS;70842.0;1
1;36588.0;Rhianna;Vinnie;SEASHELLS;70833.0;2
1;36588.0;Rhianna;Vladimir;SEASHELLS;70833.0;5
1;36589.0;Vinnie;Ruby;SEASHELLS;70819.0;2
1;36610.0;Vinnie;Rhianna;SEASHELLS;70793.0;2
1;36610.0;Vladimir;Rhianna;SEASHELLS;70792.0;5
1;36624.0;Rhianna;Vinnie;SEASHELLS;70830.0;2
1;36639.0;Vladimir;Ruby;SEASHELLS;70822.0;6
1;36644.0;Vinnie;Ruby;SEASHELLS;70855.0;2
1;36685.0;Vinnie;Ruby;SEASHELLS;70763.0;2
1;36720.0;Rhianna;Vinnie;SEASHELLS;70694.0;3
1;36755.0;Rhianna;Vladimir;SEASHELLS;70749.0;4
1;36755.0;Rhianna;Vinnie;SEASHELLS;70749.0;2
1;36807.0;Ruby;Vinnie;SEASHELLS;70839.0;2
1;36895.0;Rhianna;Vinnie;SEASHELLS;70917.0;1
1;36895.0;Rhianna;Vladimir;SEASHELLS;70917.0;1
1;36900.0;Vladimir;Rhianna;SEASHELLS;70906.0;3
1;36915.0;Vinnie;Rhianna;SEASHELLS;70940.0;2
1;36967.0;Vladimir;Ruby;SEASHELLS;70927.0;8
1;36981.0;Vladimir;Rhianna;SEASHELLS;70927.0;1
1;36981.0;Vinnie;Rhianna;SEASHELLS;70928.0;2
1;36994.0;Ruby;Vladimir;SEASHELLS;70952.0;7
1;36995.0;Vladimir;Ruby;SEASHELLS;70939.0;7
1;37003.0;Rhianna;Vladimir;SEASHELLS;70958.0;2
1;37003.0;Rhianna;Vinnie;SEASHELLS;70958.0;1
1;37037.0;Vladimir;Rhianna;SEASHELLS;70889.0;1
1;37037.0;Vinnie;Rhianna;SEASHELLS;70890.0;2
1;37041.0;Ruby;Vinnie;SEASHELLS;70894.0;2
1;37133.0;Rhianna;Vinnie;SEASHELLS;70808.0;2
1;37142.0;Vladimir;Rhianna;SEASHELLS;70809.0;5
1;37142.0;Vinnie;Rhianna;SEASHELLS;70810.0;1
1;37206.0;Vladimir;Ruby;SEASHELLS;70860.0;9
1;37209.0;Vladimir;Ruby;SEASHELLS;70865.0;9
1;37214.0;Vinnie;Ruby;SEASHELLS;70884.0;1
1;37220.0;Ruby;Vinnie;SEASHELLS;70889.0;2
1;37242.0;Vladimir;Ruby;SEASHELLS;70900.0;9
1;37247.0;Ruby;Vladimir;SEASHELLS;70906.0;7
1;37260.0;Ruby;Vinnie;SEASHELLS;70893.0;1
1;37263.0;Vladimir;Rhianna;SEASHELLS;70861.0;4
1;37263.0;Vinnie;Rhianna;SEASHELLS;70862.0;1
1;37302.0;Vinnie;Ruby;SEASHELLS;70872.0;1
1;37308.0;Ruby;Vladimir;SEASHELLS;70885.0;6
1;37342.0;Vinnie;Ruby;SEASHELLS;70823.0;2
1;37356.0;Vinnie;Rhianna;SEASHELLS;70794.0;2
1;37380.0;Rhianna;Vinnie;SEASHELLS;70863.0;1
1;37380.0;Rhianna;Vladimir;SEASHELLS;70863.0;1
1;37396.0;Rhianna;Vinnie;SEASHELLS;70967.0;1
1;37396.0;Rhianna;Vladimir;SEASHELLS;70967.0;6
1;37412.0;Vinnie;Ruby;SEASHELLS;70955.0;1
1;37428.0;Vinnie;Ruby;SEASHELLS;70965.0;2
1;37432.0;Ruby;Vinnie;SEASHELLS;70970.0;3
1;37496.0;Rhianna;Vinnie;SEASHELLS;71001.0;2
1;37500.0;Rhianna;Vinnie;SEASHELLS;70997.0;2
1;37578.0;Rhianna;Vinnie;SEASHELLS;71049.0;1
1;37578.0;Rhianna;Vladimir;SEASHELLS;71049.0;3
1;37580.0;Ruby;Vladimir;SEASHELLS;71030.0;5
1;37581.0;Ruby;Vinnie;SEASHELLS;71023.0;1
1;37582.0;Vladimir;Rhianna;SEASHELLS;70998.0;2
1;37582.0;Vinnie;Rhianna;SEASHELLS;70999.0;1
1;37647.0;Vinnie;Ruby;SEASHELLS;70909.0;1
1;37651.0;Rhianna;Vinnie;SEASHELLS;70950.0;1
1;37652.0;Ruby;Vladimir;SEASHELLS;70951.0;5
1;37707.0;Vladimir;Ruby;SEASHELLS;70869.0;7
1;37719.0;Ruby;Vladimir;SEASHELLS;70867.0;8
1;37747.0;Vladimir;Rhianna;SEASHELLS;70963.0;7
1;37789.0;Vinnie;Ruby;SEASHELLS;70947.0;2
1;37795.0;Vladimir;Ruby;SEASHELLS;70940.0;9
1;37803.0;Ruby;Vinnie;SEASHELLS;70954.0;2
1;37854.0;Vinnie;Rhianna;SEASHELLS;70958.0;2
1;37854.0;Vladimir;Rhianna;SEASHELLS;70957.0;1
1;37895.0;Rhianna;Vladimir;SEASHELLS;70945.0;4
1;37907.0;Ruby;Vinnie;SEASHELLS;70966.0;2
1;37966.0;Vinnie;Ruby;SEASHELLS;70982.0;1
1;37984.0;Rhianna;Vinnie;SEASHELLS;71008.0;2
1;38023.0;Vinnie;Rhianna;SEASHELLS;70896.0;1
1;38045.0;Rhianna;Vladimir;SEASHELLS;70902.0;4
1;38045.0;Vinnie;Ruby;SEASHELLS;70892.0;1
1;38104.0;Ruby;Vinnie;SEASHELLS;70988.0;1
1;38128.0;Vladimir;Rhianna;SEASHELLS;70974.0;3
1;38133.0;Ruby;Vinnie;SEASHELLS;70991.0;1
1;38187.0;Rhianna;Vladimir;SEASHELLS;71042.0;5
1;38202.0;Vladimir;Rhianna;SEASHELLS;71001.0;2
1;38219.0;Ruby;Vladimir;SEASHELLS;70928.0;6
1;38222.0;Rhianna;Vladimir;SEASHELLS;70933.0;6
1;38262.0;Vladimir;Vinnie;SEASHELLS;70858.0;1
1;38292.0;Ruby;Vinnie;SEASHELLS;70784.0;1
1;38295.0;Rhianna;Vinnie;SEASHELLS;70778.0;1
1;38306.0;Vinnie;Ruby;SEASHELLS;70784.0;2
1;38308.0;Vladimir;Ruby;SEASHELLS;70805.0;10
1;38313.0;Vinnie;Ruby;SEASHELLS;70778.0;1
1;38325.0;Ruby;Vladimir;SEASHELLS;70799.0;8
1;38326.0;Rhianna;Vinnie;SEASHELLS;70799.0;2
1;38326.0;Rhianna;Vladimir;SEASHELLS;70799.0;1
1;38342.0;Vinnie;Rhianna;SEASHELLS;70847.0;1
1;38342.0;Vladimir;Rhianna;SEASHELLS;70846.0;7
1;38397.0;Ruby;Vladimir;SEASHELLS;70869.0;7
1;38402.0;Vinnie;Rhianna;SEASHELLS;70863.0;2
1;38411.0;Ruby;Vinnie;SEASHELLS;70835.0;2
1;38424.0;Ruby;Vinnie;SEASHELLS;70830.0;2
1;38431.0;Vinnie;Ruby;SEASHELLS;70805.0;2
1;38445.0;Vinnie;Ruby;SEASHELLS;70800.0;1
1;38470.0;Vinnie;Ruby;SEASHELLS;70840.0;1
1;38541.0;Vladimir;Rhianna;SEASHELLS;70732.0;2
1;38541.0;Vinnie;Rhianna;SEASHELLS;70732.0;2
1;38546.0;Vinnie;Ruby;SEASHELLS;70713.0;1
1;38551.0;Vinnie;Ruby;SEASHELLS;70745.0;2
1;38582.0;Ruby;Vinnie;SEASHELLS;70725.0;1
1;38597.0;Vladimir;Ruby;SEASHELLS;70727.0;5
1;38615.0;Vladimir;Vinnie;SEASHELLS;70762.0;1
1;38636.0;Ruby;Vinnie;SEASHELLS;70802.0;1
1;38638.0;Vladimir;Rhianna;SEASHELLS;70786.0;7
1;38673.0;Vinnie;Rhianna;SEASHELLS;70780.0;2
1;38673.0;Vladimir;Rhianna;SEASHELLS;70780.0;5
1;38690.0;Vinnie;Ruby;SEASHELLS;70753.0;2
1;38706.0;Vladimir;Ruby;SEASHELLS;70824.0;8
1;38718.0;Rhianna;Vinnie;SEASHELLS;70902.0;2
1;38718.0;Vinnie;Ruby;SEASHELLS;70891.0;2
1;38725.0;Vinnie;Ruby;SEASHELLS;70909.0;1
1;38726.0;Vladimir;Ruby;SEASHELLS;70917.0;5
1;38745.0;Vladimir;Ruby;SEASHELLS;70860.0;5
1;38747.0;Rhianna;Vinnie;SEASHELLS;70856.0;1
1;38754.0;Rhianna;Vinnie;SEASHELLS;70867.0;6
1;38902.0;Vinnie;Ruby;SEASHELLS;70822.0;2
1;38906.0;Vladimir;Vinnie;SEASHELLS;70842.0;1
1;38919.0;Ruby;Vinnie;SEASHELLS;70834.0;3
1;38928.0;Vladimir;Rhianna;SEASHELLS;70847.0;7
1;38931.0;Vladimir;Rhianna;SEASHELLS;70848.0;6
1;38990.0;Rhianna;Vladimir;SEASHELLS;70810.0;2
1;39062.0;Vinnie;Rhianna;SEASHELLS;70755.0;1
1;39062.0;Vladimir;Rhianna;SEASHELLS;70754.0;2
1;39122.0;Vladimir;Rhianna;SEASHELLS;70703.0;4
1;39160.0;Vinnie;Ruby;SEASHELLS;70684.0;2
1;39169.0;Ruby;Vladimir;SEASHELLS;70711.0;8
1;39174.0;Ruby;Vinnie;SEASHELLS;70699.0;2
1;39193.0;Vinnie;Rhianna;SEASHELLS;70719.0;2
1;39193.0;Vladimir;Rhianna;SEASHELLS;70718.0;3
1;39212.0;Ruby;Vinnie;SEASHELLS;70774.0;2
1;39218.0;Vinnie;Ruby;SEASHELLS;70759.0;1
1;39221.0;Ruby;Vinnie;SEASHELLS;70768.0;2
1;39222.0;Ruby;Vinnie;SEASHELLS;70767.0;2
1;39235.0;Vladimir;Rhianna;SEASHELLS;70751.0;8
1;39246.0;Rhianna;Vladimir;SEASHELLS;70777.0;1
1;39246.0;Rhianna;Vinnie;SEASHELLS;70777.0;2
1;39264.0;Rhianna;Vladimir;SEASHELLS;70760.0;1
1;39264.0;Rhianna;Vinnie;SEASHELLS;70760.0;1
1;39267.0;Vladimir;Rhianna;SEASHELLS;70755.0;6
1;39268.0;Rhianna;Vinnie;SEASHELLS;70780.0;2
1;39275.0;Vladimir;Rhianna;SEASHELLS;70731.0;7
1;39293.0;Vinnie;Ruby;SEASHELLS;70746.0;2
1;39315.0;Vinnie;Ruby;SEASHELLS;70736.0;1
1;39345.0;Rhianna;Vladimir;SEASHELLS;70753.0;6
1;39345.0;Rhianna;Vinnie;SEASHELLS;70753.0;1
1;39352.0;Vinnie;Rhianna;SEASHELLS;70743.0;2
1;39352.0;Vladimir;Rhianna;SEASHELLS;70742.0;4
1;39359.0;Ruby;Vladimir;SEASHELLS;70767.0;5
1;39386.0;Vinnie;Rhianna;SEASHELLS;70729.0;1
1;39386.0;Vinnie;Rhianna;SEASHELLS;70734.0;2
1;39403.0;Vinnie;Ruby;SEASHELLS;70729.0;1
1;39408.0;Ruby;Vinnie;SEASHELLS;70752.0;2
1;39413.0;Rhianna;Vinnie;SEASHELLS;70763.0;2
1;39425.0;Rhianna;Vladimir;SEASHELLS;70744.0;3
1;39425.0;Rhianna;Vinnie;SEASHELLS;70744.0;2
1;39432.0;Ruby;Vladimir;SEASHELLS;70761.0;10
1;39472.0;Vinnie;Ruby;SEASHELLS;70724.0;2
1;39507.0;Rhianna;Vladimir;SEASHELLS;70785.0;5
1;39508.0;Vladimir;Ruby;SEASHELLS;70778.0;6
1;39573.0;Ruby;Vladimir;SEASHELLS;70736.0;6
1;39585.0;Rhianna;Vinnie;SEASHELLS;70786.0;1
1;39616.0;Ruby;Vinnie;SEASHELLS;70793.0;2
1;39627.0;Vladimir;Rhianna;SEASHELLS;70750.0;5
1;39627.0;Vinnie;Rhianna;SEASHELLS;70751.0;1
1;39648.0;Rhianna;Vinnie;SEASHELLS;70789.0;4
1;39668.0;Ruby;Vladimir;SEASHELLS;70786.0;9
1;39687.0;Ruby;Vinnie;SEASHELLS;70759.0;1
1;39708.0;Ruby;Vinnie;SEASHELLS;70713.0;1
1;39717.0;Ruby;Vinnie;SEASHELLS;70691.0;1
1;39755.0;Vladimir;Rhianna;SEASHELLS;70725.0;3
1;39780.0;Ruby;Vinnie;SEASHELLS;70688.0;1
1;39788.0;Ruby;Vinnie;SEASHELLS;70683.0;2
1;39836.0;Vinnie;Rhianna;SEASHELLS;70609.0;1
1;39836.0;Vinnie;Rhianna;SEASHELLS;70614.0;1
1;39838.0;Vladimir;Ruby;SEASHELLS;70608.0;6
1;39849.0;Vladimir;Rhianna;SEASHELLS;70599.0;3
1;39849.0;Vinnie;Rhianna;SEASHELLS;70600.0;2
1;39857.0;Vladimir;Rhianna;SEASHELLS;70564.0;2
1;39859.0;Ruby;Vinnie;SEASHELLS;70575.0;1
1;39875.0;Ruby;Vladimir;SEASHELLS;70579.0;9
1;39883.0;Vladimir;Rhianna;SEASHELLS;70573.0;5
1;39901.0;Rhianna;Vladimir;SEASHELLS;70617.0;2
1;39935.0;Rhianna;Vinnie;SEASHELLS;70635.0;1
1;39938.0;Vladimir;Ruby;SEASHELLS;70615.0;6
1;39964.0;Vladimir;Ruby;SEASHELLS;70593.0;6
1;39971.0;Vladimir;Ruby;SEASHELLS;70563.0;9
2;40014.0;Rhianna;Vladimir;SEASHELLS;70633.0;6
2;40058.0;Vinnie;Rhianna;SEASHELLS;70637.0;1
2;40058.0;Vladimir;Rhianna;SEASHELLS;70636.0;1
2;40074.0;Rhianna;Vinnie;SEASHELLS;70628.0;1
2;40090.0;Rhianna;Vladimir;SEASHELLS;70607.0;1
2;40090.0;Rhianna;Vinnie;SEASHELLS;70607.0;2
2;40092.0;Vinnie;Ruby;SEASHELLS;70602.0;1
2;40133.0;Vinnie;Ruby;SEASHELLS;70575.0;1
2;40211.0;Ruby;Vinnie;SEASHELLS;70601.0;2
2;40240.0;Vladimir;Rhianna;SEASHELLS;70527.0;4
2;40240.0;Vinnie;Rhianna;SEASHELLS;70528.0;2
2;40252.0;Ruby;Vinnie;SEASHELLS;70522.0;1
2;40255.0;Vinnie;Ruby;SEASHELLS;70528.0;2
2;40265.0;Vinnie;Rhianna;SEASHELLS;70541.0;1
2;40265.0;Vladimir;Rhianna;SEASHELLS;70540.0;6
2;40325.0;Vinnie;Ruby;SEASHELLS;70563.0;1
2;40328.0;Rhianna;Vinnie;SEASHELLS;70580.0;1
2;40337.0;Ruby;Vinnie;SEASHELLS;70600.0;2
2;40371.0;Ruby;Vladimir;SEASHELLS;70578.0;9
2;40374.0;Ruby;Vladimir;SEASHELLS;70590.0;10
2;40394.0;Ruby;Vinnie;SEASHELLS;70592.0;5
2;40415.0;Vinnie;Rhianna;SEASHELLS;70542.0;2
2;40415.0;Vladimir;Rhianna;SEASHELLS;70541.0;4
2;40449.0;Vinnie;Rhianna;SEASHELLS;70492.0;1
2;40449.0;Vladimir;Rhianna;SEASHELLS;70491.0;1
2;40453.0;Ruby;Vladimir;SEASHELLS;70489.0;7
2;40484.0;Ruby;Vinnie;SEASHELLS;70539.0;2
2;40503.0;Vinnie;Ruby;SEASHELLS;70553.0;1
2;40526.0;Vladimir;Rhianna;SEASHELLS;70596.0;2
2;40526.0;Vinnie;Rhianna;SEASHELLS;70596.0;2
2;40564.0;Vinnie;Ruby;SEASHELLS;70531.0;2
2;40572.0;Ruby;Vladimir;SEASHELLS;70588.0;6
2;40585.0;Ruby;Vinnie;SEASHELLS;70566.0;2
2;40587.0;Vinnie;Ruby;SEASHELLS;70562.0;1
2;40592.0;Rhianna;Vinnie;SEASHELLS;70580.0;2
2;40593.0;Ruby;Vinnie;SEASHELLS;70595.0;2
2;40599.0;Ruby;Vladimir;SEASHELLS;70637.0;6
2;40601.0;Rhianna;Vinnie;SEASHELLS;70615.0;8
2;40604.0;Ruby;Vinnie;SEASHELLS;70623.0;2
2;40665.0;Vladimir;Rhianna;SEASHELLS;70666.0;3
2;40665.0;Vinnie;Rhianna;SEASHELLS;70667.0;2
2;40675.0;Vinnie;Rhianna;SEASHELLS;70679.0;2
2;40682.0;Vinnie;Ruby;SEASHELLS;70669.0;2
2;40696.0;Vladimir;Rhianna;SEASHELLS;70688.0;4
2;40696.0;Vinnie;Rhianna;SEASHELLS;70689.0;1
2;40704.0;Vinnie;Rhianna;SEASHELLS;70700.0;1
2;40704.0;Vladimir;Rhianna;SEASHELLS;70699.0;7
2;40722.0;Vladimir;Rhianna;SEASHELLS;70705.0;8
2;40728.0;Vinnie;Ruby;SEASHELLS;70715.0;2
2;40736.0;Vladimir;Ruby;SEASHELLS;70722.0;6
2;40738.0;Ruby;Vladimir;SEASHELLS;70746.0;8
2;40746.0;Vinnie;Rhianna;SEASHELLS;70755.0;2
2;40746.0;Vladimir;Ruby;SEASHELLS;70754.0;10
2;40746.0;Vladimir;Rhianna;SEASHELLS;70754.0;5
2;40820.0;Rhianna;Vinnie;SEASHELLS;70715.0;2
2;40820.0;Rhianna;Vladimir;SEASHELLS;70715.0;6
2;40826.0;Vinnie;Ruby;SEASHELLS;70679.0;2
2;40842.0;Rhianna;Vladimir;SEASHELLS;70710.0;3
2;40842.0;Rhianna;Vinnie;SEASHELLS;70710.0;2
2;40849.0;Vladimir;Rhianna;SEASHELLS;70713.0;8
2;40868.0;Vladimir;Rhianna;SEASHELLS;70664.0;2
2;40878.0;Ruby;Vinnie;SEASHELLS;70698.0;1
2;40881.0;Vinnie;Ruby;SEASHELLS;70693.0;1
2;40900.0;Ruby;Vladimir;SEASHELLS;70708.0;10
2;40908.0;Vladimir;Rhianna;SEASHELLS;70700.0;6
2;40908.0;Vinnie;Rhianna;SEASHELLS;70701.0;2
2;40914.0;Ruby;Vinnie;SEASHELLS;70751.0;1
2;40919.0;Vinnie;Rhianna;SEASHELLS;70734.0;2
2;40922.0;Vladimir;Ruby;SEASHELLS;70750.0;8
2;40936.0;Ruby;Vinnie;SEASHELLS;70767.0;2
2;40956.0;Vladimir;Rhianna;SEASHELLS;70693.0;5
2;40976.0;Vladimir;Ruby;SEASHELLS;70676.0;5
2;40977.0;Vinnie;Rhianna;SEASHELLS;70671.0;1
2;40977.0;Vladimir;Rhianna;SEASHELLS;70670.0;3
2;40980.0;Vinnie;Ruby;SEASHELLS;70689.0;2
2;40984.0;Vladimir;Rhianna;SEASHELLS;70712.0;1
2;40984.0;Vladimir;Ruby;SEASHELLS;70711.0;10
2;40984.0;Vinnie;Rhianna;SEASHELLS;70712.0;1
2;41093.0;Ruby;Vladimir;SEASHELLS;70792.0;7
2;41097.0;Vladimir;Rhianna;SEASHELLS;70754.0;2
2;41097.0;Vinnie;Rhianna;SEASHELLS;70754.0;1
2;41100.0;Ruby;Vladimir;SEASHELLS;70793.0;5
2;41105.0;Vladimir;Rhianna;SEASHELLS;70812.0;6
2;41118.0;Vinnie;Ruby;SEASHELLS;70826.0;1
2;41119.0;Vladimir;Ruby;SEASHELLS;70817.0;5
2;41175.0;Ruby;Vinnie;SEASHELLS;70724.0;2
2;41175.0;Vinnie;Rhianna;SEASHELLS;70713.0;2
2;41175.0;Vladimir;Rhianna;SEASHELLS;70712.0;1
2;41187.0;Vladimir;Ruby;SEASHELLS;70703.0;9
2;41251.0;Ruby;Vinnie;SEASHELLS;70672.0;2
2;41261.0;Ruby;Vinnie;SEASHELLS;70639.0;2
2;41312.0;Vinnie;Rhianna;SEASHELLS;70593.0;2
2;41312.0;Vladimir;Rhianna;SEASHELLS;70592.0;1
2;41334.0;Ruby;Vinnie;SEASHELLS;70546.0;1
2;41344.0;Vladimir;Ruby;SEASHELLS;70532.0;10
2;41370.0;Vladimir;Rhianna;SEASHELLS;70531.0;6
2;41370.0;Vinnie;Rhianna;SEASHELLS;70532.0;2
2;41371.0;Vladimir;Ruby;SEASHELLS;70536.0;6
2;41381.0;Vinnie;Rhianna;SEASHELLS;70562.0;2
2;41381.0;Vladimir;Rhianna;SEASHELLS;70561.0;5
2;41382.0;Vladimir;Rhianna;SEASHELLS;70570.0;3
2;41413.0;Vinnie;Rhianna;SEASHELLS;70527.0;1
2;41429.0;Vinnie;Rhianna;SEASHELLS;70513.0;2
2;41458.0;Vinnie;Rhianna;SEASHELLS;70508.0;1
2;41458.0;Vladimir;Rhianna;SEASHELLS;70507.0;1
2;41476.0;Ruby;Vinnie;SEASHELLS;70503.0;2
2;41483.0;Ruby;Vinnie;SEASHELLS;70515.0;1
2;41504.0;Ruby;Vinnie;SEASHELLS;70523.0;2
2;41537.0;Vladimir;Rhianna;SEASHELLS;70466.0;2
2;41537.0;Vinnie;Rhianna;SEASHELLS;70467.0;2
2;41550.0;Vinnie;Rhianna;SEASHELLS;70458.0;1
2;41574.0;Vladimir;Rhianna;SEASHELLS;70432.0;8
2;41592.0;Vinnie;Rhianna;SEASHELLS;70465.0;2
2;41622.0;Vinnie;Rhianna;SEASHELLS;70509.0;1
2;41622.0;Vladimir;Rhianna;SEASHELLS;70508.0;4
2;41634.0;Vinnie;Ruby;SEASHELLS;70484.0;1
2;41675.0;Vladimir;Ruby;SEASHELLS;70472.0;6
2;41695.0;Vladimir;Ruby;SEASHELLS;70436.0;10
2;41724.0;Vinnie;Ruby;SEASHELLS;70489.0;2
2;41727.0;Vinnie;Ruby;SEASHELLS;70476.0;1
2;41753.0;Vinnie;Ruby;SEASHELLS;70506.0;1
2;41766.0;Vinnie;Ruby;SEASHELLS;70495.0;1
2;41769.0;Rhianna;Vinnie;SEASHELLS;70473.0;1
2;41769.0;Rhianna;Vinnie;SEASHELLS;70467.0;4
2;41800.0;Vladimir;Ruby;SEASHELLS;70428.0;10
2;41804.0;Rhianna;Vladimir;SEASHELLS;70442.0;6
2;41809.0;Rhianna;Vladimir;SEASHELLS;70452.0;6
2;41815.0;Vinnie;Ruby;SEASHELLS;70438.0;2
2;41822.0;Vladimir;Ruby;SEASHELLS;70452.0;7
2;41841.0;Vladimir;Vinnie;SEASHELLS;70415.0;1
2;41845.0;Vladimir;Rhianna;SEASHELLS;70412.0;8
2;41850.0;Vinnie;Ruby;SEASHELLS;70408.0;1
2;41912.0;Vinnie;Ruby;SEASHELLS;70399.0;2
2;41913.0;Vladimir;Rhianna;SEASHELLS;70402.0;7
2;41927.0;Vinnie;Rhianna;SEASHELLS;70376.0;2
2;41927.0;Vladimir;Rhianna;SEASHELLS;70375.0;5
2;41929.0;Ruby;Vladimir;SEASHELLS;70374.0;8
2;41931.0;Ruby;Vladimir;SEASHELLS;70370.0;5
2;41933.0;Ruby;Vladimir;SEASHELLS;70356.0;9
2;41983.0;Vinnie;Rhianna;SEASHELLS;70301.0;1
2;42021.0;Vinnie;Rhianna;SEASHELLS;70317.0;1
2;42021.0;Vladimir;Rhianna;SEASHELLS;70316.0;5
2;42037.0;Vladimir;Rhianna;SEASHELLS;70320.0;2
2;42037.0;Vinnie;Rhianna;SEASHELLS;70321.0;2
2;42073.0;Rhianna;Vinnie;SEASHELLS;70286.0;1
2;42093.0;Ruby;Vinnie;SEASHELLS;70349.0;2
2;42101.0;Vinnie;Ruby;SEASHELLS;70340.0;1
2;42119.0;Ruby;Vladimir;SEASHELLS;70381.0;6
2;42128.0;Vladimir;Rhianna;SEASHELLS;70377.0;2
2;42128.0;Vinnie;Rhianna;SEASHELLS;70377.0;1
2;42135.0;Vladimir;Ruby;SEASHELLS;70358.0;5
2;42154.0;Vinnie;Ruby;SEASHELLS;70381.0;2
2;42158.0;Rhianna;Vinnie;SEASHELLS;70388.0;1
2;42180.0;Ruby;Vinnie;SEASHELLS;70354.0;1
2;42193.0;Vinnie;Ruby;SEASHELLS;70381.0;2
2;42211.0;Vinnie;Ruby;SEASHELLS;70424.0;2
2;42229.0;Rhianna;Vladimir;SEASHELLS;70406.0;2
2;42229.0;Rhianna;Vinnie;SEASHELLS;70406.0;2
2;42237.0;Rhianna;Vinnie;SEASHELLS;70376.0;2
2;42237.0;Rhianna;Vladimir;SEASHELLS;70376.0;3
2;42238.0;Rhianna;Vladimir;SEASHELLS;70367.0;6
2;42264.0;Rhianna;Vladimir;SEASHELLS;70294.0;4
2;42287.0;Vinnie;Ruby;SEASHELLS;70260.0;1
2;42326.0;Vinnie;Ruby;SEASHELLS;70249.0;6
2;42330.0;Ruby;Vladimir;SEASHELLS;70267.0;10
2;42347.0;Vladimir;Ruby;SEASHELLS;70209.0;8
2;42407.0;Vinnie;Ruby;SEASHELLS;70234.0;2
2;42433.0;Vinnie;Ruby;SEASHELLS;70247.0;2
2;42453.0;Rhianna;Vinnie;SEASHELLS;70284.0;2
2;42453.0;Rhianna;Vladimir;SEASHELLS;70284.0;2
2;42454.0;Vladimir;Vinnie;SEASHELLS;70263.0;1
2;42472.0;Vinnie;Rhianna;SEASHELLS;70274.0;1
2;42491.0;Vladimir;Rhianna;SEASHELLS;70304.0;2
2;42500.0;Ruby;Vladimir;SEASHELLS;70343.0;10
2;42533.0;Ruby;Vinnie;SEASHELLS;70332.0;1
2;42534.0;Ruby;Vinnie;SEASHELLS;70338.0;2
2;42578.0;Ruby;Vinnie;SEASHELLS;70235.0;2
2;42581.0;Vladimir;Vinnie;SEASHELLS;70225.0;1
2;42593.0;Vinnie;Rhianna;SEASHELLS;70209.0;1
2;42593.0;Vladimir;Rhianna;SEASHELLS;70209.0;7
2;42596.0;Rhianna;Ruby;SEASHELLS;70206.0;3
2;42596.0;Rhianna;Vinnie;SEASHELLS;70206.0;2
2;42609.0;Vinnie;Ruby;SEASHELLS;70183.0;2
2;42626.0;Ruby;Vinnie;SEASHELLS;70198.0;1
2;42637.0;Rhianna;Vinnie;SEASHELLS;70154.0;2
2;42637.0;Rhianna;Vladimir;SEASHELLS;70154.0;5
2;42642.0;Vladimir;Ruby;SEASHELLS;70116.0;10
2;42733.0;Vinnie;Ruby;SEASHELLS;70088.0;2
2;42739.0;Vladimir;Rhianna;SEASHELLS;70091.0;4
2;42739.0;Vinnie;Rhianna;SEASHELLS;70092.0;1
2;42741.0;Vladimir;Rhianna;SEASHELLS;70072.0;2
2;42755.0;Vladimir;Rhianna;SEASHELLS;70085.0;8
2;42764.0;Vladimir;Rhianna;SEASHELLS;70101.0;4
2;42765.0;Vinnie;Rhianna;SEASHELLS;70100.0;1
2;42765.0;Vladimir;Rhianna;SEASHELLS;70099.0;1
2;42776.0;Ruby;Vinnie;SEASHELLS;70112.0;1
2;42834.0;Rhianna;Vinnie;SEASHELLS;70008.0;1
2;42867.0;Rhianna;Vinnie;SEASHELLS;69957.0;1
2;42892.0;Vinnie;Rhianna;SEASHELLS;69998.0;1
2;42892.0;Vladimir;Rhianna;SEASHELLS;69997.0;5
2;42893.0;Ruby;Vinnie;SEASHELLS;70011.0;2
2;42900.0;Rhianna;Vladimir;SEASHELLS;70006.0;4
2;42900.0;Rhianna;Vinnie;SEASHELLS;70006.0;1
2;42916.0;Ruby;Vinnie;SEASHELLS;69983.0;3
2;42965.0;Rhianna;Vinnie;SEASHELLS;69885.0;1
2;42965.0;Rhianna;Vladimir;SEASHELLS;69885.0;3
2;42965.0;Rhianna;Vinnie;SEASHELLS;69879.0;4
2;42975.0;Vinnie;Rhianna;SEASHELLS;69822.0;1
2;42975.0;Vladimir;Rhianna;SEASHELLS;69821.0;1
2;42990.0;Rhianna;Vinnie;SEASHELLS;69879.0;2
2;42990.0;Rhianna;Vladimir;SEASHELLS;69879.0;5
2;42996.0;Ruby;Vinnie;SEASHELLS;69890.0;1
2;43027.0;Ruby;Vinnie;SEASHELLS;69821.0;2
2;43029.0;Rhianna;Vinnie;SEASHELLS;69821.0;2
2;43029.0;Rhianna;Vladimir;SEASHELLS;69821.0;3
2;43089.0;Rhianna;Vladimir;SEASHELLS;69849.0;2
2;43104.0;Vinnie;Rhianna;SEASHELLS;69809.0;8
2;43133.0;Vinnie;Ruby;SEASHELLS;69768.0;2
2;43137.0;Vinnie;Ruby;SEASHELLS;69751.0;2
2;43147.0;Ruby;Vinnie;SEASHELLS;69745.0;2
2;43176.0;Rhianna;Vladimir;SEASHELLS;69751.0;5
2;43176.0;Rhianna;Vinnie;SEASHELLS;69751.0;2
2;43180.0;Rhianna;Vladimir;SEASHELLS;69771.0;5
2;43181.0;Ruby;Vinnie;SEASHELLS;69781.0;2
2;43182.0;Vladimir;Ruby;SEASHELLS;69781.0;9
2;43207.0;Vinnie;Rhianna;SEASHELLS;69761.0;3
2;43209.0;Vinnie;Ruby;SEASHELLS;69764.0;1
2;43237.0;Ruby;Vladimir;SEASHELLS;69808.0;8
2;43255.0;Vladimir;Rhianna;SEASHELLS;69761.0;7
2;43255.0;Vinnie;Rhianna;SEASHELLS;69762.0;1
2;43281.0;Vinnie;Ruby;SEASHELLS;69827.0;1
2;43287.0;Vladimir;Vinnie;SEASHELLS;69795.0;1
2;43293.0;Vinnie;Ruby;SEASHELLS;69760.0;2
2;43294.0;Vinnie;Ruby;SEASHELLS;69771.0;1
2;43299.0;Vinnie;Rhianna;SEASHELLS;69786.0;1
2;43311.0;Vladimir;Vinnie;SEASHELLS;69827.0;1
2;43316.0;Vladimir;Ruby;SEASHELLS;69843.0;8
2;43321.0;Vladimir;Ruby;SEASHELLS;69853.0;7
2;43341.0;Rhianna;Vladimir;SEASHELLS;69959.0;3
2;43344.0;Vladimir;Rhianna;SEASHELLS;69962.0;8
2;43363.0;Vladimir;Rhianna;SEASHELLS;69971.0;2
2;43368.0;Ruby;Vinnie;SEASHELLS;69991.0;1
2;43370.0;Vladimir;Rhianna;SEASHELLS;69989.0;6
2;43370.0;Vinnie;Rhianna;SEASHELLS;69990.0;2
2;43424.0;Vladimir;Rhianna;SEASHELLS;69918.0;2
2;43424.0;Vinnie;Rhianna;SEASHELLS;69919.0;1
2;43430.0;Vladimir;Rhianna;SEASHELLS;69942.0;3
2;43447.0;Vinnie;Ruby;SEASHELLS;69939.0;2
2;43461.0;Vinnie;Ruby;SEASHELLS;69888.0;1
2;43491.0;Vinnie;Ruby;SEASHELLS;69942.0;1
2;43503.0;Vinnie;Rhianna;SEASHELLS;69908.0;1
2;43503.0;Vladimir;Rhianna;SEASHELLS;69907.0;4
2;43518.0;Vinnie;Rhianna;SEASHELLS;69929.0;2
2;43518.0;Vladimir;Rhianna;SEASHELLS;69929.0;1
2;43534.0;Rhianna;Vinnie;SEASHELLS;69957.0;2
2;43583.0;Ruby;Vladimir;SEASHELLS;69837.0;8
2;43627.0;Vladimir;Rhianna;SEASHELLS;69834.0;3
2;43690.0;Vladimir;Rhianna;SEASHELLS;69850.0;3
2;43690.0;Vinnie;Rhianna;SEASHELLS;69851.0;2
2;43731.0;Rhianna;Vinnie;SEASHELLS;69859.0;2
2;43747.0;Ruby;Vladimir;SEASHELLS;69823.0;6
2;43784.0;Vladimir;Rhianna;SEASHELLS;69905.0;1
2;43784.0;Vinnie;Rhianna;SEASHELLS;69906.0;2
2;43823.0;Vinnie;Rhianna;SEASHELLS;69923.0;1
2;43823.0;Vladimir;Rhianna;SEASHELLS;69923.0;7
2;43825.0;Vinnie;Ruby;SEASHELLS;69935.0;2
2;43856.0;Ruby;Vinnie;SEASHELLS;69906.0;2
2;43860.0;Vinnie;Ruby;SEASHELLS;69856.0;1
2;43861.0;Ruby;Vladimir;SEASHELLS;69860.0;9
2;43905.0;Vladimir;Rhianna;SEASHELLS;69856.0;2
2;43905.0;Vinnie;Rhianna;SEASHELLS;69857.0;2
2;43932.0;Ruby;Vinnie;SEASHELLS;69872.0;1
2;43935.0;Vinnie;Rhianna;SEASHELLS;69830.0;1
2;43935.0;Vladimir;Rhianna;SEASHELLS;69829.0;3
2;43945.0;Rhianna;Vinnie;SEASHELLS;69800.0;1
2;43947.0;Ruby;Vladimir;SEASHELLS;69810.0;8
2;43955.0;Vinnie;Ruby;SEASHELLS;69752.0;2
2;43966.0;Vinnie;Rhianna;SEASHELLS;69728.0;1
2;43966.0;Vladimir;Rhianna;SEASHELLS;69728.0;2
2;43967.0;Ruby;Vinnie;SEASHELLS;69739.0;1
2;44001.0;Vladimir;Rhianna;SEASHELLS;69802.0;4
2;44039.0;Vinnie;Rhianna;SEASHELLS;69799.0;2
2;44040.0;Vinnie;Ruby;SEASHELLS;69813.0;2
2;44043.0;Ruby;Vinnie;SEASHELLS;69832.0;2
2;44046.0;Vinnie;Rhianna;SEASHELLS;69836.0;1
2;44050.0;Rhianna;Vladimir;SEASHELLS;69821.0;3
2;44063.0;Vladimir;Ruby;SEASHELLS;69808.0;7
2;44080.0;Rhianna;Vinnie;SEASHELLS;69847.0;1
2;44108.0;Ruby;Vinnie;SEASHELLS;69799.0;1
2;44129.0;Rhianna;Vinnie;SEASHELLS;69817.0;1
2;44142.0;Vladimir;Vinnie;SEASHELLS;69835.0;1
2;44146.0;Ruby;Vinnie;SEASHELLS;69833.0;2
2;44153.0;Ruby;Vladimir;SEASHELLS;69831.0;6
2;44168.0;Vladimir;Ruby;SEASHELLS;69820.0;10
2;44182.0;Vinnie;Rhianna;SEASHELLS;69811.0;2
2;44210.0;Vinnie;Rhianna;SEASHELLS;69831.0;2
2;44221.0;Vinnie;Ruby;SEASHELLS;69828.0;2
2;44229.0;Vinnie;Rhianna;SEASHELLS;69812.0;3
2;44229.0;Vinnie;Rhianna;SEASHELLS;69807.0;1
2;44229.0;Vladimir;Rhianna;SEASHELLS;69806.0;4
2;44248.0;Rhianna;Vladimir;SEASHELLS;69888.0;4
2;44267.0;Vinnie;Rhianna;SEASHELLS;69878.0;1
2;44267.0;Vladimir;Rhianna;SEASHELLS;69877.0;2
2;44273.0;Vinnie;Ruby;SEASHELLS;69901.0;1
2;44290.0;Ruby;Vinnie;SEASHELLS;69841.0;5
2;44299.0;Rhianna;Vladimir;SEASHELLS;69852.0;4
2;44319.0;Vinnie;Ruby;SEASHELLS;69814.0;2
2;44326.0;Ruby;Vinnie;SEASHELLS;69809.0;1
2;44341.0;Ruby;Vinnie;SEASHELLS;69798.0;1
2;44377.0;Rhianna;Vladimir;SEASHELLS;69824.0;3
2;44392.0;Vladimir;Ruby;SEASHELLS;69802.0;8
2;44393.0;Vinnie;Ruby;SEASHELLS;69804.0;1
2;44396.0;Vinnie;Rhianna;SEASHELLS;69813.0;1
2;44396.0;Vladimir;Rhianna;SEASHELLS;69812.0;7
2;44435.0;Vladimir;Ruby;SEASHELLS;69803.0;6
2;44450.0;Vladimir;Rhianna;SEASHELLS;69856.0;7
2;44451.0;Ruby;Vladimir;SEASHELLS;69866.0;6
2;44534.0;Ruby;Vinnie;SEASHELLS;69905.0;1
2;44580.0;Vinnie;Ruby;SEASHELLS;69911.0;1
2;44582.0;Rhianna;Vladimir;SEASHELLS;69926.0;5
2;44587.0;Ruby;Vinnie;SEASHELLS;69910.0;1
2;44599.0;Rhianna;Vinnie;SEASHELLS;69935.0;2
2;44611.0;Ruby;Vinnie;SEASHELLS;69898.0;1
2;44635.0;Vinnie;Rhianna;SEASHELLS;69849.0;1
2;44635.0;Vladimir;Rhianna;SEASHELLS;69848.0;1
2;44776.0;Rhianna;Vinnie;SEASHELLS;69820.0;1
2;44776.0;Rhianna;Vladimir;SEASHELLS;69820.0;6
2;44778.0;Ruby;Vinnie;SEASHELLS;69805.0;1
2;44789.0;Vladimir;Ruby;SEASHELLS;69772.0;10
2;44791.0;Ruby;Vinnie;SEASHELLS;69771.0;2
2;44822.0;Rhianna;Vladimir;SEASHELLS;69767.0;6
2;44822.0;Rhianna;Vinnie;SEASHELLS;69767.0;2
2;44829.0;Vinnie;Rhianna;SEASHELLS;69774.0;2
2;44829.0;Vladimir;Rhianna;SEASHELLS;69774.0;3
2;44843.0;Ruby;Vinnie;SEASHELLS;69779.0;2
2;44887.0;Vinnie;Ruby;SEASHELLS;69713.0;1
2;44920.0;Rhianna;Vinnie;SEASHELLS;69698.0;1
2;44920.0;Rhianna;Vladimir;SEASHELLS;69698.0;5
2;44923.0;Vinnie;Ruby;SEASHELLS;69689.0;2
2;44941.0;Vladimir;Vinnie;SEASHELLS;69713.0;1
2;45002.0;Vladimir;Ruby;SEASHELLS;69705.0;9
2;45006.0;Ruby;Vinnie;SEASHELLS;69735.0;2
2;45017.0;Vladimir;Ruby;SEASHELLS;69731.0;7
2;45085.0;Vladimir;Rhianna;SEASHELLS;69705.0;4
2;45099.0;Rhianna;Vladimir;SEASHELLS;69734.0;6
2;45135.0;Vinnie;Rhianna;SEASHELLS;69753.0;2
2;45141.0;Vladimir;Rhianna;SEASHELLS;69732.0;6
2;45141.0;Vinnie;Rhianna;SEASHELLS;69733.0;1
2;45154.0;Ruby;Vladimir;SEASHELLS;69773.0;10
2;45171.0;Ruby;Vinnie;SEASHELLS;69718.0;2
2;45198.0;Vladimir;Rhianna;SEASHELLS;69731.0;2
2;45198.0;Vinnie;Rhianna;SEASHELLS;69732.0;2
2;45210.0;Vinnie;Ruby;SEASHELLS;69723.0;1
2;45217.0;Ruby;Vinnie;SEASHELLS;69756.0;1
2;45263.0;Vladimir;Rhianna;SEASHELLS;69635.0;2
2;45263.0;Vinnie;Rhianna;SEASHELLS;69636.0;1
2;45282.0;Rhianna;Vinnie;SEASHELLS;69647.0;2
2;45319.0;Rhianna;Vinnie;SEASHELLS;69646.0;1
2;45354.0;Vinnie;Ruby;SEASHELLS;69635.0;1
2;45362.0;Vladimir;Rhianna;SEASHELLS;69625.0;6
2;45374.0;Rhianna;Vinnie;SEASHELLS;69614.0;1
2;45374.0;Rhianna;Vladimir;SEASHELLS;69614.0;1
2;45375.0;Vinnie;Rhianna;SEASHELLS;69609.0;1
2;45375.0;Vladimir;Rhianna;SEASHELLS;69609.0;2
2;45427.0;Vinnie;Ruby;SEASHELLS;69594.0;1
2;45441.0;Rhianna;Vladimir;SEASHELLS;69588.0;6
2;45460.0;Vinnie;Ruby;SEASHELLS;69531.0;2
2;45502.0;Vladimir;Ruby;SEASHELLS;69521.0;8
2;45532.0;Vinnie;Ruby;SEASHELLS;69512.0;2
2;45547.0;Ruby;Vinnie;SEASHELLS;69589.0;1
2;45553.0;Vinnie;Ruby;SEASHELLS;69606.0;2
2;45561.0;Rhianna;Vinnie;SEASHELLS;69597.0;2
2;45568.0;Vladimir;Rhianna;SEASHELLS;69615.0;8
2;45623.0;Vinnie;Ruby;SEASHELLS;69586.0;2
2;45627.0;Vinnie;Ruby;SEASHELLS;69589.0;3
2;45641.0;Rhianna;Vinnie;SEASHELLS;69571.0;1
2;45652.0;Vladimir;Ruby;SEASHELLS;69569.0;10
2;45658.0;Vladimir;Rhianna;SEASHELLS;69585.0;6
2;45659.0;Rhianna;Vinnie;SEASHELLS;69599.0;2
2;45677.0;Vladimir;Rhianna;SEASHELLS;69573.0;2
2;45677.0;Vinnie;Rhianna;SEASHELLS;69574.0;2
2;45691.0;Ruby;Vinnie;SEASHELLS;69579.0;2
2;45717.0;Ruby;Vinnie;SEASHELLS;69607.0;2
2;45724.0;Vladimir;Rhianna;SEASHELLS;69618.0;3
2;45741.0;Vinnie;Rhianna;SEASHELLS;69655.0;1
2;45741.0;Vladimir;Rhianna;SEASHELLS;69654.0;6
2;45779.0;Ruby;Vinnie;SEASHELLS;69635.0;2
2;45858.0;Vladimir;Ruby;SEASHELLS;69536.0;7
2;45936.0;Vinnie;Rhianna;SEASHELLS;69562.0;1
2;45936.0;Vinnie;Rhianna;SEASHELLS;69567.0;1
2;45937.0;Vinnie;Ruby;SEASHELLS;69555.0;1
2;45938.0;Ruby;Vladimir;SEASHELLS;69569.0;7
2;45957.0;Vladimir;Vinnie;SEASHELLS;69571.0;1
2;46002.0;Rhianna;Vladimir;SEASHELLS;69568.0;2
2;46037.0;Vladimir;Vinnie;SEASHELLS;69555.0;1
2;46040.0;Vladimir;Ruby;SEASHELLS;69550.0;10
2;46042.0;Vinnie;Ruby;SEASHELLS;69557.0;2
2;46059.0;Vinnie;Ruby;SEASHELLS;69593.0;1
2;46090.0;Ruby;Vinnie;SEASHELLS;69605.0;1
2;46114.0;Vladimir;Ruby;SEASHELLS;69597.0;6
2;46115.0;Vinnie;Ruby;SEASHELLS;69614.0;2
2;46154.0;Rhianna;Vladimir;SEASHELLS;69593.0;6
2;46154.0;Rhianna;Vinnie;SEASHELLS;69593.0;1
2;46156.0;Ruby;Vinnie;SEASHELLS;69592.0;1
2;46163.0;Rhianna;Vinnie;SEASHELLS;69580.0;5
2;46163.0;Rhianna;Vinnie;SEASHELLS;69586.0;2
2;46195.0;Vinnie;Ruby;SEASHELLS;69608.0;1
2;46207.0;Rhianna;Vladimir;SEASHELLS;69623.0;5
2;46209.0;Rhianna;Vinnie;SEASHELLS;69622.0;2
2;46218.0;Ruby;Vinnie;SEASHELLS;69653.0;2
2;46227.0;Vladimir;Rhianna;SEASHELLS;69660.0;5
2;46227.0;Vinnie;Rhianna;SEASHELLS;69660.0;2
2;46249.0;Rhianna;Vladimir;SEASHELLS;69669.0;6
2;46254.0;Vinnie;Rhianna;SEASHELLS;69657.0;2
2;46254.0;Vladimir;Rhianna;SEASHELLS;69656.0;6
2;46313.0;Vladimir;Rhianna;SEASHELLS;69646.0;2
2;46334.0;Vinnie;Ruby;SEASHELLS;69679.0;2
2;46361.0;Ruby;Vinnie;SEASHELLS;69703.0;5
2;46362.0;Vladimir;Rhianna;SEASHELLS;69686.0;5
2;46362.0;Vinnie;Rhianna;SEASHELLS;69687.0;1
2;46402.0;Vinnie;Ruby;SEASHELLS;69637.0;2
2;46408.0;Vladimir;Rhianna;SEASHELLS;69636.0;3
2;46408.0;Vinnie;Rhianna;SEASHELLS;69637.0;2
2;46411.0;Vinnie;Ruby;SEASHELLS;69635.0;2
2;46427.0;Ruby;Vinnie;SEASHELLS;69613.0;2
2;46429.0;Rhianna;Vinnie;SEASHELLS;69611.0;2
2;46430.0;Vinnie;Ruby;SEASHELLS;69605.0;5
2;46502.0;Ruby;Vinnie;SEASHELLS;69640.0;6
2;46547.0;Vladimir;Vinnie;SEASHELLS;69570.0;1
2;46575.0;Ruby;Vinnie;SEASHELLS;69553.0;1
2;46616.0;Ruby;Vinnie;SEASHELLS;69581.0;1
2;46667.0;Vinnie;Rhianna;SEASHELLS;69502.0;2
2;46667.0;Vinnie;Rhianna;SEASHELLS;69497.0;2
2;46671.0;Ruby;Vladimir;SEASHELLS;69508.0;9
2;46720.0;Vladimir;Rhianna;SEASHELLS;69448.0;3
2;46725.0;Vinnie;Rhianna;SEASHELLS;69442.0;2
2;46758.0;Ruby;Vinnie;SEASHELLS;69438.0;1
2;46764.0;Vinnie;Ruby;SEASHELLS;69421.0;1
2;46787.0;Ruby;Vinnie;SEASHELLS;69488.0;2
2;46830.0;Ruby;Vladimir;SEASHELLS;69399.0;7
2;46835.0;Ruby;Vladimir;SEASHELLS;69425.0;6
2;46877.0;Vinnie;Ruby;SEASHELLS;69360.0;5
2;46909.0;Vinnie;Ruby;SEASHELLS;69352.0;1
2;46918.0;Rhianna;Vladimir;SEASHELLS;69370.0;4
2;46918.0;Rhianna;Vinnie;SEASHELLS;69370.0;1
2;46934.0;Vladimir;Vinnie;SEASHELLS;69436.0;1
2;46969.0;Vinnie;Ruby;SEASHELLS;69483.0;2
2;47006.0;Rhianna;Vladimir;SEASHELLS;69514.0;6
2;47038.0;Vinnie;Rhianna;SEASHELLS;69545.0;1
2;47052.0;Rhianna;Vladimir;SEASHELLS;69606.0;4
2;47052.0;Rhianna;Vinnie;SEASHELLS;69606.0;1
2;47080.0;Vladimir;Ruby;SEASHELLS;69631.0;7
2;47102.0;Vladimir;Rhianna;SEASHELLS;69634.0;4
2;47102.0;Vinnie;Rhianna;SEASHELLS;69635.0;2
2;47112.0;Vinnie;Ruby;SEASHELLS;69671.0;2
2;47172.0;Vinnie;Rhianna;SEASHELLS;69781.0;1
2;47173.0;Ruby;Vinnie;SEASHELLS;69789.0;2
2;47244.0;Vinnie;Rhianna;SEASHELLS;69762.0;1
2;47244.0;Vladimir;Rhianna;SEASHELLS;69761.0;3
2;47244.0;Vinnie;Rhianna;SEASHELLS;69767.0;2
2;47307.0;Ruby;Vinnie;SEASHELLS;69801.0;2
2;47312.0;Ruby;Vinnie;SEASHELLS;69810.0;1
2;47317.0;Ruby;Vinnie;SEASHELLS;69841.0;1
2;47322.0;Ruby;Vladimir;SEASHELLS;69867.0;8
2;47357.0;Vinnie;Rhianna;SEASHELLS;69910.0;3
2;47357.0;Vladimir;Rhianna;SEASHELLS;69904.0;5
2;47432.0;Vinnie;Ruby;SEASHELLS;69908.0;5
2;47458.0;Rhianna;Vinnie;SEASHELLS;70013.0;2
2;47458.0;Rhianna;Vladimir;SEASHELLS;70013.0;3
2;47459.0;Vinnie;Ruby;SEASHELLS;70011.0;1
2;47461.0;Ruby;Vladimir;SEASHELLS;70024.0;10
2;47475.0;Ruby;Vladimir;SEASHELLS;69996.0;8
2;47498.0;Vladimir;Ruby;SEASHELLS;69911.0;8
2;47523.0;Ruby;Vinnie;SEASHELLS;69952.0;1
2;47527.0;Ruby;Vinnie;SEASHELLS;69936.0;2
2;47551.0;Vinnie;Rhianna;SEASHELLS;69910.0;2
2;47559.0;Vinnie;Rhianna;SEASHELLS;69940.0;1
2;47559.0;Vladimir;Rhianna;SEASHELLS;69939.0;5
2;47585.0;Rhianna;Vladimir;SEASHELLS;70010.0;6
2;47603.0;Vinnie;Ruby;SEASHELLS;69992.0;2
2;47650.0;Vinnie;Ruby;SEASHELLS;69967.0;3
2;47680.0;Ruby;Vinnie;SEASHELLS;69966.0;2
2;47690.0;Rhianna;Vinnie;SEASHELLS;69937.0;1
2;47690.0;Rhianna;Vladimir;SEASHELLS;69937.0;4
2;47705.0;Ruby;Vinnie;SEASHELLS;69919.0;2
2;47728.0;Vladimir;Rhianna;SEASHELLS;69940.0;6
2;47733.0;Ruby;Vladimir;SEASHELLS;69956.0;5
2;47740.0;Vinnie;Rhianna;SEASHELLS;69933.0;1
2;47740.0;Vladimir;Rhianna;SEASHELLS;69932.0;5
2;47776.0;Ruby;Vinnie;SEASHELLS;69931.0;2
2;47809.0;Vinnie;Ruby;SEASHELLS;69915.0;2
2;47816.0;Vladimir;Ruby;SEASHELLS;69921.0;5
2;47821.0;Vinnie;Rhianna;SEASHELLS;69928.0;2
2;47821.0;Vladimir;Rhianna;SEASHELLS;69927.0;2
2;47848.0;Vinnie;Ruby;SEASHELLS;69930.0;1
2;47869.0;Ruby;Vinnie;SEASHELLS;69951.0;2
2;47873.0;Vinnie;Rhianna;SEASHELLS;69924.0;1
2;47873.0;Vladimir;Rhianna;SEASHELLS;69923.0;2
2;47880.0;Ruby;Vladimir;SEASHELLS;69931.0;5
2;47898.0;Rhianna;Vladimir;SEASHELLS;69950.0;4
2;47912.0;Vinnie;Rhianna;SEASHELLS;69936.0;1
2;47912.0;Vladimir;Rhianna;SEASHELLS;69935.0;5
2;47939.0;Vladimir;Rhianna;SEASHELLS;70021.0;7
2;47939.0;Vinnie;Rhianna;SEASHELLS;70021.0;1
2;47978.0;Vladimir;Vinnie;SEASHELLS;69933.0;1
2;47986.0;Vinnie;Rhianna;SEASHELLS;69946.0;2
2;47986.0;Vladimir;Rhianna;SEASHELLS;69945.0;5
2;47997.0;Vladimir;Ruby;SEASHELLS;69935.0;9
2;48007.0;Vinnie;Rhianna;SEASHELLS;69931.0;2
2;48030.0;Vladimir;Rhianna;SEASHELLS;69923.0;7
2;48045.0;Vinnie;Rhianna;SEASHELLS;69909.0;2
2;48045.0;Vladimir;Rhianna;SEASHELLS;69909.0;3
2;48047.0;Vladimir;Vinnie;SEASHELLS;69923.0;1
2;48058.0;Rhianna;Vladimir;SEASHELLS;69961.0;6
2;48058.0;Ruby;Vinnie;SEASHELLS;69962.0;1
2;48099.0;Rhianna;Vladimir;SEASHELLS;69979.0;7
2;48127.0;Vinnie;Rhianna;SEASHELLS;70015.0;2
2;48127.0;Vladimir;Rhianna;SEASHELLS;70015.0;6
2;48151.0;Vinnie;Ruby;SEASHELLS;69977.0;2
2;48152.0;Ruby;Vinnie;SEASHELLS;69985.0;1
2;48166.0;Vinnie;Rhianna;SEASHELLS;69953.0;1
2;48200.0;Ruby;Vladimir;SEASHELLS;69930.0;8
2;48206.0;Vinnie;Ruby;SEASHELLS;69895.0;2
2;48242.0;Vladimir;Rhianna;SEASHELLS;69837.0;6
2;48258.0;Vladimir;Ruby;SEASHELLS;69863.0;6
2;48262.0;Vinnie;Ruby;SEASHELLS;69875.0;2
2;48286.0;Vinnie;Rhianna;SEASHELLS;69868.0;1
2;48286.0;Vladimir;Rhianna;SEASHELLS;69867.0;6
2;48320.0;Vladimir;Rhianna;SEASHELLS;69891.0;6
2;48321.0;Vinnie;Ruby;SEASHELLS;69907.0;2
2;48331.0;Rhianna;Vinnie;SEASHELLS;69977.0;2
2;48350.0;Vinnie;Rhianna;SEASHELLS;69911.0;1
2;48350.0;Vladimir;Rhianna;SEASHELLS;69905.0;7
2;48355.0;Rhianna;Vinnie;SEASHELLS;69925.0;1
2;48361.0;Rhianna;Vinnie;SEASHELLS;69902.0;1
2;48377.0;Vladimir;Rhianna;SEASHELLS;69837.0;6
2;48377.0;Vinnie;Rhianna;SEASHELLS;69838.0;1
2;48420.0;Vinnie;Rhianna;SEASHELLS;69834.0;2
2;48430.0;Rhianna;Vladimir;SEASHELLS;69877.0;5
2;48437.0;Rhianna;Vladimir;SEASHELLS;69875.0;2
2;48437.0;Rhianna;Vinnie;SEASHELLS;69875.0;1
2;48455.0;Vladimir;Ruby;SEASHELLS;69844.0;9
2;48456.0;Vinnie;Rhianna;SEASHELLS;69841.0;1
2;48456.0;Vladimir;Rhianna;SEASHELLS;69840.0;5
2;48461.0;Ruby;Vinnie;SEASHELLS;69850.0;2
2;48497.0;Ruby;Vladimir;SEASHELLS;69783.0;7
2;48528.0;Ruby;Vinnie;SEASHELLS;69737.0;1
2;48564.0;Vladimir;Rhianna;SEASHELLS;69753.0;5
2;48564.0;Vinnie;Rhianna;SEASHELLS;69754.0;2
2;48567.0;Vladimir;Rhianna;SEASHELLS;69745.0;4
2;48567.0;Vinnie;Rhianna;SEASHELLS;69746.0;1
2;48595.0;Vinnie;Ruby;SEASHELLS;69803.0;1
2;48620.0;Vinnie;Ruby;SEASHELLS;69770.0;1
2;48684.0;Ruby;Vinnie;SEASHELLS;69770.0;1
2;48702.0;Vinnie;Rhianna;SEASHELLS;69794.0;2
2;48702.0;Vladimir;Rhianna;SEASHELLS;69789.0;3
2;48704.0;Vinnie;Ruby;SEASHELLS;69786.0;2
2;48722.0;Vladimir;Ruby;SEASHELLS;69773.0;6
2;48736.0;Rhianna;Vladimir;SEASHELLS;69766.0;3
2;48752.0;Vladimir;Ruby;SEASHELLS;69785.0;8
2;48764.0;Ruby;Vinnie;SEASHELLS;69772.0;1
2;48780.0;Vinnie;Ruby;SEASHELLS;69788.0;2
2;48794.0;Rhianna;Vladimir;SEASHELLS;69752.0;2
2;48825.0;Ruby;Vinnie;SEASHELLS;69745.0;2
2;48840.0;Ruby;Vladimir;SEASHELLS;69776.0;8
2;48846.0;Ruby;Vinnie;SEASHELLS;69749.0;2
2;48877.0;Vinnie;Ruby;SEASHELLS;69827.0;1
2;48879.0;Vinnie;Ruby;SEASHELLS;69823.0;1
2;48916.0;Ruby;Vladimir;SEASHELLS;69803.0;8
2;48926.0;Ruby;Vinnie;SEASHELLS;69773.0;1
2;48960.0;Rhianna;Vinnie;SEASHELLS;69747.0;2
2;48963.0;Rhianna;Vinnie;SEASHELLS;69753.0;1
2;49006.0;Ruby;Vinnie;SEASHELLS;69690.0;2
2;49020.0;Vladimir;Rhianna;SEASHELLS;69647.0;8
2;49039.0;Ruby;Vinnie;SEASHELLS;69603.0;1
2;49050.0;Vladimir;Ruby;SEASHELLS;69550.0;8
2;49053.0;Vinnie;Ruby;SEASHELLS;69540.0;2
2;49064.0;Ruby;Vinnie;SEASHELLS;69545.0;1
2;49065.0;Rhianna;Vinnie;SEASHELLS;69541.0;1
2;49067.0;Rhianna;Vladimir;SEASHELLS;69540.0;3
2;49067.0;Rhianna;Vinnie;SEASHELLS;69540.0;2
2;49101.0;Vinnie;Ruby;SEASHELLS;69624.0;5
2;49105.0;Vinnie;Rhianna;SEASHELLS;69628.0;6
2;49107.0;Vinnie;Rhianna;SEASHELLS;69618.0;1
2;49125.0;Rhianna;Vladimir;SEASHELLS;69690.0;2
2;49125.0;Rhianna;Vinnie;SEASHELLS;69690.0;2
2;49134.0;Rhianna;Vinnie;SEASHELLS;69668.0;2
2;49134.0;Rhianna;Vladimir;SEASHELLS;69668.0;3
2;49162.0;Vinnie;Ruby;SEASHELLS;69707.0;1
2;49163.0;Ruby;Vinnie;SEASHELLS;69728.0;1
2;49282.0;Vinnie;Ruby;SEASHELLS;69600.0;2
2;49307.0;Vinnie;Ruby;SEASHELLS;69592.0;1
2;49310.0;Ruby;Vinnie;SEASHELLS;69580.0;1
2;49319.0;Rhianna;Vladimir;SEASHELLS;69615.0;3
2;49361.0;Ruby;Vinnie;SEASHELLS;69553.0;1
2;49373.0;Vinnie;Rhianna;SEASHELLS;69529.0;2
2;49394.0;Vinnie;Rhianna;SEASHELLS;69502.0;2
2;49418.0;Ruby;Vladimir;SEASHELLS;69547.0;5
2;49444.0;Vinnie;Rhianna;SEASHELLS;69517.0;2
2;49444.0;Vladimir;Rhianna;SEASHELLS;69517.0;4
2;49482.0;Vladimir;Rhianna;SEASHELLS;69634.0;3
2;49578.0;Vinnie;Ruby;SEASHELLS;69648.0;7
2;49661.0;Ruby;Vinnie;SEASHELLS;69722.0;2
2;49677.0;Vinnie;Ruby;SEASHELLS;69683.0;2
2;49696.0;Vinnie;Ruby;SEASHELLS;69714.0;1
2;49711.0;Ruby;Vladimir;SEASHELLS;69750.0;7
2;49718.0;Rhianna;Vladimir;SEASHELLS;69703.0;5
2;49723.0;Vinnie;Ruby;SEASHELLS;69672.0;2
2;49724.0;Ruby;Vladimir;SEASHELLS;69683.0;10
2;49739.0;Rhianna;Vladimir;SEASHELLS;69680.0;2
2;49740.0;Vinnie;Ruby;SEASHELLS;69677.0;3
2;49743.0;Vladimir;Rhianna;SEASHELLS;69682.0;6
2;49743.0;Vinnie;Rhianna;SEASHELLS;69683.0;1
2;49765.0;Rhianna;Vladimir;SEASHELLS;69637.0;7
2;49765.0;Rhianna;Vinnie;SEASHELLS;69637.0;1
2;49784.0;Vinnie;Ruby;SEASHELLS;69593.0;2
2;49796.0;Vinnie;Ruby;SEASHELLS;69647.0;2
2;49822.0;Ruby;Vladimir;SEASHELLS;69608.0;8
2;49834.0;Vinnie;Ruby;SEASHELLS;69567.0;1
2;49964.0;Vinnie;Rhianna;SEASHELLS;69480.0;1
2;49980.0;Ruby;Vladimir;SEASHELLS;69478.0;5
2;49990.0;Vinnie;Ruby;SEASHELLS;69550.0;5
